,種類,題目,A,B,C,D,答案
0,ウルトラQ,ウルトラQの放送開始年は？,1963年,1965年,1966年,1967年,C
1,ウルトラQ,ウルトラQの第1話のタイトルは？,ゴメスを倒せ！,ガラモンの逆襲,悪魔ッ子,1/8計画,A
2,ウルトラQ,ウルトラQの主人公、万城目淳（まんじょうめ あつし）の職業は？,新聞記者,カメラマン,科学者,パイロット,B
3,ウルトラQ,ウルトラQの第2話に登場する怪獣の名前は？,ペギラ,ガラモン,ゴメス,カネゴン,A
4,ウルトラQ,ウルトラQのエピソード「ガラダマ」に登場するガラモンは、どんな形をしている？,恐竜型,昆虫型,ロボット型,巨大植物型,C
5,ウルトラQ,ウルトラQの主題歌を作曲したのは誰？,伊福部昭,宮内國郎,早坂文雄,佐藤勝,B
6,ウルトラQ,ウルトラQの第3話「宇宙からの贈りもの」で、宇宙からやってきた生物は何と呼ばれている？,バルンガ,ペギラ,バルタン星人,ケムール人,A
7,ウルトラQ,ウルトラQの監督を務めた人物の一人は？,円谷英二,本多猪四郎,成田亨,樋口真嗣,A
8,ウルトラQ,ウルトラQの登場人物・一ノ谷博士の専門分野は？,地質学,天文学,生物学,ロボット工学,C
9,ウルトラQ,ウルトラQの第12話「鳥を見た」で、空を飛ぶことができる少年の名前は？,一郎,ジョー,ダイ,マサル,B
10,ウルトラQ,ウルトラQのエピソード「カネゴンの繭」に登場するカネゴンは、何に変わった少年か？,泥棒,金銭に執着する少年,いじめっ子,物忘れが激しい少年,B
11,ウルトラQ,ウルトラQの第18話「虹の卵」で、卵から生まれる怪獣の名前は？,ガラモン,ペギラ,ゴーガ,リトラ,C
12,ウルトラQ,ウルトラQのエピソード「悪魔ッ子」で、奇妙な力を持つ子供の名前は？,ケン,タケル,サブロウ,コウ,C
13,ウルトラQ,ウルトラQの第24話「ゴーガの像」で、呪われた像が所有する能力は？,石化能力,時間を止める能力,瞬間移動能力,他人を操る能力,A
14,ウルトラQ,ウルトラQのエピソード「1/8計画」で、人間を小さくする原因となったものは？,放射線,化学薬品,宇宙線,未知のウイルス,C
15,ウルトラQ,ウルトラQの登場怪獣、カネゴンの頭は何の形をしている？,ねじ,小銭入れ,鍵,電球,B
16,ウルトラQ,ウルトラQの第19話「2020年の挑戦」で、人類に挑戦する知的生命体の名前は？,ケムール人,ペギラ,セミ人間,バルタン星人,A
17,ウルトラQ,ウルトラQの第22話「変身」に登場する、変身能力を持つ生物の名前は？,ルゴス,ガラモン,ゴーガ,バルンガ,A
18,ウルトラQ,ウルトラQのエピソード「南海の怒り」で、南海の島に現れる怪獣の名前は？,ゴメス,ペギラ,スダール,リトラ,C
19,ウルトラQ,ウルトラQの第9話「クモ男爵」で、巨大な蜘蛛に変身する男の名前は？,黒田,一ノ谷,万城目,鬼堂,D
20,ウルトラQ,ウルトラQの第5話「ペギラが来た！」で、ペギラが吐く冷気はどのくらいの温度ですか？,-50度,-100度,-200度,-300度,B
21,ウルトラQ,ウルトラQのエピソード「ゴーガの像」で、呪われた像が最初に見つかった場所は？,日本,インドネシア,メキシコ,エジプト,C
22,ウルトラQ,ウルトラQのエピソード「ガラモンの逆襲」で、ガラモンを操る装置は何と呼ばれている？,コントロールタワー,ガラダマ,エレクトロパルス,サイキックデバイス,B
23,ウルトラQ,ウルトラQの第8話「甘い蜜の恐怖」で、巨大化する原因となったのは何か？,放射能,宇宙からのウイルス,化学薬品,未知の植物の蜜,D
24,ウルトラQ,ウルトラQのエピソード「地底超特急西へ」で、地底を走る列車の名前は？,メトロポリタン号,スーパーエクスプレス,トンネル特急,ハイパールート,A
25,ウルトラQ,ウルトラQの第7話「SOS富士山」で、火山を襲う怪獣の名前は？,ガラモン,ペギラ,ゴメス,ラゴン,D
26,ウルトラQ,ウルトラQの第6話「育てよ！カメ」で、少年が育てていたカメは最終的に何になったか？,巨大化したカメ,怪獣ガメロン,地底人のペット,宇宙人に連れ去られる,B
27,ウルトラQ,ウルトラQのエピソード「クモ男爵」で、クモ男爵が変身する場所はどこ？,洞窟,廃墟,邸宅の地下室,工場跡,C
28,ウルトラQ,ウルトラQの第13話「ガラモンの逆襲」で、ガラモンはどのようにして倒されたか？,電気ショック,爆破,水中に沈められる,自爆装置が作動,D
29,ウルトラQ,ウルトラQのエピソード「虹の卵」で、ゴーガを倒すために使われた武器は何か？,ミサイル,雷,水中爆弾,炎,B
30,ウルトラQ,ウルトラQの第14話「東京氷河期」で、東京を襲った現象は何か？,大洪水,巨大地震,氷河期,火山噴火,C
31,ウルトラQ,ウルトラQのエピソード「宇宙指令M774」で、宇宙から送られてきた指令の内容は？,地球侵略,平和協定,宇宙船の救助要請,宇宙人との友好関係,A
32,ウルトラQ,ウルトラQの第15話「カネゴンの繭」で、カネゴンが元に戻るためには何をする必要があったか？,お金を全て返す,繭に戻る,友達の助けを借りる,特定の呪文を唱える,B
33,ウルトラQ,ウルトラQの第11話「バルンガ」で、バルンガの弱点は何か？,水,強い光,超音波,電磁波,B
34,ウルトラQ,ウルトラQのエピソード「2020年の挑戦」で、ケムール人は何を目的として地球に来たのか？,人類を支配する,自分たちの星に戻るため,人間をエネルギー源にする,宇宙技術の調査,C
35,ウルトラQ,ウルトラQの第17話「宇宙船救助命令」で、宇宙船が不時着した場所は？,太平洋上,アルプス山脈,月の裏側,南極,D
36,ウルトラQ,ウルトラQのエピソード「クモ男爵」で、クモ男爵が持っていた力は何か？,超音波,超能力,強力な毒,テレポーテーション,C
37,ウルトラQ,ウルトラQのエピソード「南海の怒り」で、スダールはどのようにして退治されたか？,火炎放射,爆発,雷撃,地震,B
38,ウルトラQ,ウルトラQの第25話「悪魔ッ子」で、サブロウが持つ奇妙な力とは？,時間を操る力,他人の心を読む力,自分以外の人々を操作する力,未来を予知する力,C
39,ウルトラQ,ウルトラQのエピソード「1/8計画」で、主人公たちはどのくらいの大きさになったか？,通常の1/2,通常の1/8,通常の1/16,通常の1/32,B
40,ウルトラQ,ウルトラQの第20話「海底原人ラゴン」で、ラゴンが住んでいる場所はどこ？,太平洋の底,湖の底,深海洞窟,沼地,C
41,ウルトラQ,ウルトラQのエピソード「海底原人ラゴン」で、ラゴンが求めていたものは何？,エネルギー,食料,仲間,子供,D
42,ウルトラQ,ウルトラQの第21話「宇宙指令M774」で、宇宙人の名前は？,ゼットン,M774星人,メトロン星人,ガボラ星人,B
43,ウルトラQ,ウルトラQのエピソード「クモ男爵」で、クモ男爵が変身する動機は？,復讐,宇宙からの命令,呪い,科学実験の失敗,C
44,ウルトラQ,ウルトラQの第23話「南海の怒り」で、南海の島が直面している自然災害は？,台風,火山噴火,津波,地震,B
45,ウルトラQ,ウルトラQのエピソード「ゴメスを倒せ！」で、ゴメスの特徴は？,二足歩行の恐竜型,翼のあるドラゴン型,水中で生活する魚型,岩のような体を持つゴーレム型,A
46,ウルトラQ,ウルトラQの第16話「ガラモンの逆襲」で、ガラモンが都市を襲う理由は？,宇宙からの指令,人間の破壊行為に対する復讐,自然の異常,無差別な破壊行為,A
47,ウルトラQ,ウルトラQのエピソード「東京氷河期」で、東京が氷河期に突入した原因は？,地球の軌道がずれたため,宇宙線の影響,科学実験の失敗,氷の怪物の活動,D
48,ウルトラQ,ウルトラQの第4話「マンモスフラワー」で、巨大化した花が引き起こした現象は？,大洪水,異常気象,都市の破壊,大規模な停電,C
49,ウルトラQ,ウルトラQのエピソード「クモ男爵」で、クモ男爵を倒すために使用された武器は？,火炎放射器,銀の弾丸,高圧電流,爆弾,C
50,ウルトラQ,ウルトラQの第26話「地底超特急西へ」で、地底に存在するエネルギー資源は？,ウラン鉱脈,原油,未知の鉱石,地熱,C
51,ウルトラQ,ウルトラQのエピソード「悪魔ッ子」で、サブロウの力を封じるために使用されたものは？,聖なる祈り,魔法の呪文,科学的な装置,特殊な音波,D
52,ウルトラQ,ウルトラQの第10話「東京氷河期」で、氷の怪物の名前は？,フリーザー,スノーゴリラ,ペギラ,アイストロン,C
53,ウルトラQ,ウルトラQのエピソード「1/8計画」で、主人公たちは最終的にどのようにして元の大きさに戻ったか？,科学者の手による実験,宇宙線の影響が逆転したため,自然に元に戻る,宇宙人の介入,A
54,ウルトラQ,ウルトラQの第29話「湖底の亡霊」で、湖底に眠っている怪物の名前は？,ネッシー,ゴメス,ガラモン,ジラース,A
55,ウルトラQ,ウルトラQのエピソード「南海の怒り」で、スダールはどのような形をしている？,巨大なトカゲ,巨大な魚,巨大な蛇,巨大なエビ,D
56,ウルトラQ,ウルトラQの第30話「バルンガ」で、バルンガの目的は何か？,地球侵略,エネルギーの吸収,宇宙の制覇,知的生命体の発見,B
57,ウルトラQ,ウルトラQのエピソード「ガラモンの逆襲」で、ガラモンを操作する存在は？,宇宙人,地球外の知的生命体,悪の組織,AIシステム,A
58,ウルトラQ,ウルトラQの第27話「変身」に登場する、変身能力を持つ生物の弱点は？,水,火,光,鉄,C
59,ウルトラQ,ウルトラQのエピソード「ゴメスを倒せ！」で、ゴメスを倒すために使用された兵器は何か？,原子砲,ミサイル,タンク,爆薬,B
60,ウルトラQ,ウルトラQの第31話「宇宙からの贈りもの」で、宇宙から届いた物体は何だった？,巨大な隕石,謎の球体,未知の金属,宇宙船の破片,B
61,ウルトラQ,ウルトラQのエピソード「変身」で、変身生物はどのようにして人々を襲ったか？,触手で締め付ける,毒液を吐く,幻覚を見せる,超音波で攻撃する,C
62,ウルトラQ,ウルトラQの第32話「巨人の星」で、巨人が目指していた目的地は？,東京タワー,月,太陽,地球の中心,C
63,ウルトラQ,ウルトラQのエピソード「2020年の挑戦」で、ケムール人が未来から来た目的は？,地球の資源を奪う,人類を滅ぼす,エネルギーを求めて,自分たちの星を救うため,D
64,ウルトラQ,ウルトラQの第33話「地下道の怪」で、地下道に出現した怪物の名前は？,ドラコ,グエムル,ケムール,ガラモン,A
65,ウルトラQ,ウルトラQのエピソード「宇宙指令M774」で、宇宙人が地球に求めたものは？,友好関係,科学技術,資源,人間のDNA,C
66,ウルトラQ,ウルトラQの第34話「空の贈り物」で、空から降ってきたものは何だった？,隕石,巨大な花,雨のような粒子,謎の生物,C
67,ウルトラQ,ウルトラQのエピソード「ゴーガの逆襲」で、ゴーガが持っていた特殊能力は？,透明になる,磁力を操る,光を放つ,瞬間移動,B
68,ウルトラQ,ウルトラQの第35話「バルンガの逆襲」で、バルンガが再び現れた理由は？,エネルギーを求めて,復讐心から,宇宙からの指令,自然現象の影響,A
69,ウルトラQ,ウルトラQのエピソード「1/8計画」で、1/8サイズになった人々はどのようにして元の大きさに戻ったか？,特殊な薬を使って,宇宙線を逆転させて,科学者の実験によって,自然に元に戻る,C
70,ウルトラQ,ウルトラQの第36話「湖底の亡霊」で、亡霊が現れた理由は？,呪われた湖,過去の戦争,宇宙からの影響,科学実験の失敗,B
71,ウルトラQ,ウルトラQのエピソード「南海の怒り」で、スダールが最後に向かった場所は？,火山の噴火口,海の底,大陸の中心,南極,A
72,ウルトラQ,ウルトラQの第37話「東京氷河期」で、氷河期の原因となったのは何か？,地球の自転速度の変化,大規模な火山活動,宇宙からの冷気,氷の怪物の活動,D
73,ウルトラQ,ウルトラQのエピソード「宇宙船の落下」で、宇宙船が地球に落下した原因は？,宇宙嵐,エンジントラブル,宇宙人の攻撃,重力異常,D
74,ウルトラQ,ウルトラQの第38話「悪魔のプリズム」で、悪魔のプリズムが持つ力は？,他者を操る力,瞬間移動の能力,人々の記憶を消す力,光を操る力,A
75,ウルトラQ,ウルトラQのエピソード「クモ男爵」で、クモ男爵が狙っていた人物は誰か？,科学者,政治家,犯罪組織のボス,ヒロイン,D
76,ウルトラQ,ウルトラQの第39話「宇宙からの侵略者」で、侵略者たちの目的は何か？,地球の資源を奪う,人類を奴隷にする,宇宙の支配,宇宙船の修理,A
77,ウルトラQ,ウルトラQのエピソード「ゴーガの復活」で、ゴーガを復活させたのは誰か？,科学者,宇宙人,地球外生命体,古代の呪術師,B
78,ウルトラQ,ウルトラQの第40話「宇宙怪獣アンギラス」で、アンギラスの弱点は何か？,水,光,音波,氷,B
79,ウルトラQ,ウルトラQのエピソード「湖底の亡霊」で、亡霊が現れた場所はどこか？,湖の底,島の洞窟,沼地,山の頂上,A
80,ウルトラQ,ウルトラQの第41話「ダブル怪獣大戦争」で、ダブル怪獣の名前は何か？,ゴメスとガラモン,バルンガとペギラ,ゴーガとスダール,ネッシーとドラコ,B
81,ウルトラQ,ウルトラQのエピソード「悪魔のプリズム」で、プリズムの力を封じるために使われた方法は？,科学的装置,魔法の呪文,霊的儀式,高圧電流,A
82,ウルトラQ,ウルトラQの第42話「宇宙の怪物」で、宇宙から来た怪物が引き起こした問題は？,環境汚染,大地震,食料危機,氷河期の到来,A
83,ウルトラQ,ウルトラQのエピソード「クモ男爵」で、クモ男爵の真の姿は何か？,科学者の化身,古代の神,エイリアン,不老不死の魔物,C
84,ウルトラQ,ウルトラQの第43話「南海の怪物」で、南海の怪物が目指していたものは？,人類の支配,自己増殖,エネルギー源,古代の遺物,B
85,ウルトラQ,ウルトラQのエピソード「1/8計画」で、科学者が使用した縮小機はどのようにして開発された？,宇宙技術を応用して,古代の技術を復元して,環境調査中に発見した,実験の副産物として,D
86,ウルトラQ,ウルトラQの第44話「地底人の逆襲」で、地底人のリーダーが持っていた能力は？,超強力なビーム,地震を起こす能力,瞬間移動,心を操る能力,B
87,ウルトラQ,ウルトラQのエピソード「湖底の亡霊」で、湖底の亡霊が持っていた特徴は？,透明になる能力,水中での生活,高速で移動する,火を吹く,B
88,ウルトラQ,ウルトラQの第45話「宇宙からの贈りもの」で、宇宙からの贈り物が引き起こした事件は？,環境の崩壊,突如として現れる宇宙人,知的生命体の発見,科学技術の向上,B
89,ウルトラQ,ウルトラQのエピソード「宇宙の怪物」で、宇宙の怪物が最後にどのように倒されたか？,爆破によって,高圧電流で,宇宙からの援助で,自然に帰還,A
90,ウルトラQ,ウルトラQの第46話「東京氷河期」で、東京が氷河期から脱出する方法は？,科学者の研究による温暖化装置,自然に氷河期が終わるのを待つ,宇宙からの援助,地球規模の気候操作,A
91,ウルトラQ,ウルトラQのエピソード「悪魔ッ子」で、サブロウが持っていた能力は何か？,超人的な力,物体を操る力,精神的な支配,時間を操る力,C
92,ウルトラQ,ウルトラQの第47話「地下道の怪」で、地下道に現れた怪物が持っていた特徴は？,鋭い爪,高いジャンプ力,光を反射する体,超音波攻撃,D
93,ウルトラQ,ウルトラQのエピソード「ゴメスを倒せ！」で、ゴメスの弱点は何か？,熱,音,光,冷気,A
94,ウルトラQ,ウルトラQの第48話「空の贈り物」で、空から降ってきた物体の正体は？,宇宙人の通信機,宇宙からのメッセージ,未知の生物,高度なテクノロジーの機械,B
95,ウルトラQ,ウルトラQのエピソード「ゴーガの逆襲」で、ゴーガの能力を制御する装置は何か？,エネルギーシールド,磁気装置,高圧装置,氷の結界,B
96,ウルトラQ,ウルトラQの第49話「宇宙指令M774」で、宇宙指令の目的は？,地球の征服,科学技術の交換,宇宙資源の確保,友好関係の構築,A
97,ウルトラQ,ウルトラQのエピソード「湖底の亡霊」で、亡霊の正体は何か？,古代の怪物,昔の科学者,自然の精霊,外宇宙からの使者,A
98,ウルトラQ,ウルトラQの第50話「バルンガの逆襲」で、バルンガが引き起こした問題は？,環境破壊,人類の混乱,物理的な破壊,健康被害,C
99,ウルトラQ,. ウルトラQのエピソード「クモ男爵」で、クモ男爵が引き起こした事件は？,都市の崩壊,大規模な失踪事件,環境汚染,科学者の誘拐,B
100,ウルトラマン,ウルトラマン（1966年）の主人公であるウルトラマンの本名は？,タロウ,ゾフィー,スペシウム,ウルトラセブン,B
101,ウルトラマン,ウルトラマンの変身前の人間の名前は？,ハヤタシン,モロボシダン,ジャミラ,ケムール人,A
102,ウルトラマン,ウルトラマンの変身シーンで使用されるアイテムは？,スペシウム光線,ウルトラスパーク,ベータカプセル,ウルトラアイ,C
103,ウルトラマン,ウルトラマンが地球で初めて戦った怪獣は？,ゴモラ,バルタン星人,ダダ,ガボラ,B
104,ウルトラマン,ウルトラマンの敵で、宇宙から来た異星人であり、地球を支配しようとする悪党は？,ゴモラ,バルタン星人,ジャミラ,ダダ,B
105,ウルトラマン,ウルトラマンの能力で、放射線を放つ技の名前は？,スペシウム光線,バリア光線,ウルトラハリケーン,ストリウム光線,A
106,ウルトラマン,ウルトラマンのサポートをしている組織の名前は？,SSSP,TAC,GUTS,G隊,A
107,ウルトラマン,ウルトラマンが使用する防御技で、光の壁を作る技の名前は？,ウルトラバリア,エレクトロンバリア,ミラクルバリア,ウルトラシールド,A
108,ウルトラマン,ウルトラマンが地球で戦った初めての宇宙人の名前は？,バルタン星人,ゼットン,ジャミラ,ケムール人,A
109,ウルトラマン,ウルトラマンが初めて登場するエピソードのタイトルは？,「ウルトラ作戦第一号」,「バルタン星人」,「怪獣無宿」,「怪獣使いと少年」,A
110,ウルトラマン,ウルトラマンの変身アイテムで、普段は何に使われる道具の名前は？,ペンダント,時計,銃,指輪,B
111,ウルトラマン,ウルトラマンが力を借りるために、変身することができるのは何人まで？,1人,2人,3人,4人,A
112,ウルトラマン,ウルトラマンの変身に使用する「ベータカプセル」の色は？,青,赤,緑,黄,B
113,ウルトラマン,ウルトラマンが初めて戦った怪獣で、空中に飛び回る能力を持つ怪獣は？,ゼットン,ガラモン,ガボラ,ペギラ,C
114,ウルトラマン,ウルトラマンの特殊能力の一つで、瞬時に目標物を切断する技の名前は？,スペシウム光線,ウルトラスパーク,ウルトラバリア,ウルトラスパーク,B
115,ウルトラマン,ウルトラマンの「スペシウム光線」の発射方法は？,両手を上に上げて発射,両手を前に出して発射,片手を下に下げて発射,片手を振って発射,B
116,ウルトラマン,ウルトラマンが地球に降り立った理由は？,地球を守るため,科学調査のため,宇宙の冒険の一環,戦争の避けるため,A
117,ウルトラマン,ウルトラマンの宿敵で、宇宙から来たカメのような怪獣の名前は？,ガラモン,バルタン星人,ゼットン,ケムール人,D
118,ウルトラマン,ウルトラマンのサポートメンバーで、科学者として活躍するのは誰？,ハヤタシン,キリヤマ隊員,アマギ隊員,イデ隊員,D
119,ウルトラマン,ウルトラマンの「スペシウム光線」を発射する際に行う動作は？,両手を交差させる,両手を広げる,両手を組み合わせる,片手を前に出す,A
120,ウルトラマン,ウルトラマンのエピソード「ゴモラ」では、ゴモラが最初に出現した場所は？,都市,山,海,森,B
121,ウルトラマン,ウルトラマンのエピソード「バルタン星人」で、バルタン星人の得意技は？,空中浮遊,瞬間移動,巨大化,短期間での再生,B
122,ウルトラマン,ウルトラマンが地球で戦った怪獣で、洞窟に住む恐竜型の怪獣は？,ゴモラ,ペギラ,ジャミラ,ガラモン,A
123,ウルトラマン,ウルトラマンのエピソード「怪獣無宿」で、怪獣たちが引き起こした混乱は？,巨大な地震,突然の洪水,都市の崩壊,大規模な火災,C
124,ウルトラマン,ウルトラマンが戦う際に使用する、宇宙からのエネルギー源の名前は？,スペシウム,ゼットン,タロウ,ダダ,A
125,ウルトラマン,ウルトラマンが初めて登場するエピソードで、彼の変身前の姿はどんな職業に従事している？,消防士,科学者,警察官,軍人,C
126,ウルトラマン,ウルトラマンの「ウルトラスパーク」を使用するための準備動作は？,両手を交差させる,両手を開く,両手を胸の前で合わせる,両手を上に上げる,C
127,ウルトラマン,ウルトラマンが使用する「スペシウム光線」を放つ際に、ウルトラマンの体の色は？,赤,青,緑,黄色,A
128,ウルトラマン,ウルトラマンが最初に戦った怪獣で、海から出現する巨大な怪獣の名前は？,ゴモラ,ペギラ,ガラモン,ダダ,B
129,ウルトラマン,ウルトラマンのエピソード「バルタン星人」で、バルタン星人が地球に送り込んだ手下の名前は？,サボテン怪獣,クモ怪獣,蟹怪獣,ビル怪獣,C
130,ウルトラマン,ウルトラマンが「スペシウム光線」を放つ際に、両手をどうするか？,上に向ける,前に伸ばす,横に広げる,下に向ける,B
131,ウルトラマン,ウルトラマンのエピソード「怪獣使いと少年」で、少年が助けようとした怪獣の名前は？,ゴモラ,ダダ,バルタン星人,ジャミラ,D
132,ウルトラマン,ウルトラマンのサポートメンバーで、通信士として活躍するのは誰？,アマギ隊員,イデ隊員,ハヤタシン,キリヤマ隊員,A
133,ウルトラマン,ウルトラマンが変身後に「スカイハイヤー」を使用するのは何の目的？,敵を攻撃する,短距離で移動する,瞬時に体力を回復する,他の怪獣を探す,B
134,ウルトラマン,ウルトラマンの敵で、地球のエネルギーを吸収する能力を持つ怪獣は？,ゴモラ,ゼットン,ケムール人,バルタン星人,B
135,ウルトラマン,ウルトラマンが戦った怪獣で、体が金属のように硬い怪獣の名前は？,ゴモラ,ガラモン,ペギラ,バルタン星人,B
136,ウルトラマン,ウルトラマンのエピソード「ウルトラ作戦第一号」で、ウルトラマンが戦った怪獣の名前は？,バルタン星人,ゴモラ,ガラモン,ケムール人,A
137,ウルトラマン,ウルトラマンが使用する「ウルトラスパーク」の効果は？,物体を飛ばす,短時間で消失させる,相手を瞬時に消滅させる,磁力で操る,C
138,ウルトラマン,ウルトラマンのエピソード「ダダ」で、ダダの異常な行動は何によるもの？,強いエネルギー,環境の変化,他の宇宙人の指令,自己防衛本能,A
139,ウルトラマン,ウルトラマンが戦った怪獣で、宇宙から来た悪党であり、何度も地球に現れる怪獣は？,バルタン星人,ゼットン,ゴモラ,ガラモン,A
140,ウルトラマン,ウルトラマンのエピソード「怪獣無宿」で、怪獣たちが最初に出現した場所は？,都市,山,海,森,B
141,ウルトラマン,ウルトラマンのエピソード「ケムール人」で、ケムール人の目的は何か？,地球の資源を奪う,人類を滅ぼす,環境を浄化する,科学技術を強化する,A
142,ウルトラマン,ウルトラマンが使用する「ウルトラバリア」はどのように使用されるか？,空中で展開する,地面に設置する,体の周りに展開する,手のひらで展開する,C
143,ウルトラマン,ウルトラマンのエピソード「怪獣使いと少年」で、少年が怪獣に対して持っていた感情は？,恐怖,愛情,嫉妬,疑念,B
144,ウルトラマン,ウルトラマンの「スペシウム光線」を発射する際、どのようなポーズをとるか？,両手を交差させる,両手を横に広げる,両手を合わせる,片手を上に上げる,A
145,ウルトラマン,ウルトラマンのエピソード「ガラモン」で、ガラモンの攻撃方法は？,火を吹く,石を投げる,突進する,音波を発射する,B
146,ウルトラマン,ウルトラマンのエピソード「バルタン星人」で、バルタン星人が人間の姿に変わった理由は？,調査のため,隠れるため,捕獲するため,交渉のため,B
147,ウルトラマン,ウルトラマンのエピソード「怪獣無宿」で、怪獣たちが引き起こした問題は？,環境汚染,都市の崩壊,大規模な火災,自然災害,B
148,ウルトラマン,ウルトラマンのサポートメンバーで、科学技術を担当するのは誰？,ハヤタシン,イデ隊員,アマギ隊員,キリヤマ隊員,B
149,ウルトラマン,ウルトラマンのエピソード「ケムール人」で、ケムール人の特徴は？,透明になる,巨大化する,音を発する,光を放つ,A
150,ウルトラマン,ウルトラマンが戦った怪獣で、火を吹く能力を持つ怪獣は？,ゴモラ,ペギラ,ジャミラ,バルタン星人,B
151,ウルトラマン,ウルトラマンのエピソード「ダダ」で、ダダの特殊能力は？,瞬間移動,体を分裂させる,超音波を発する,超強力なビーム,B
152,ウルトラマン,ウルトラマンのエピソード「怪獣無宿」で、怪獣たちの目的は？,地球を占拠する,自己増殖,環境を破壊する,人間を捕まえる,A
153,ウルトラマン,ウルトラマンが地球に降り立った理由は？,科学調査のため,環境保護のため,地球を守るため,宇宙からの使者として,C
154,ウルトラマン,ウルトラマンが戦った怪獣で、空を飛ぶ能力を持つ怪獣の名前は？,バルタン星人,ガラモン,ペギラ,ゴモラ,A
155,ウルトラマン,ウルトラマンのエピソード「ダダ」で、ダダが変身することができるものは？,宇宙船,巨大な怪獣,小さな怪獣,人間の姿,D
156,ウルトラマン,ウルトラマンのエピソード「ケムール人」で、ケムール人の主な攻撃方法は？,超音波,火炎放射,物体の操作,巨大化,C
157,ウルトラマン,ウルトラマンが使用する「ウルトラスパーク」はどのような効果を持つか？,巨大な爆発を引き起こす,短時間で移動する,物体を切断する,エネルギーを放出する,C
158,ウルトラマン,ウルトラマンのエピソード「ウルトラ作戦第一号」で、ウルトラマンと共に戦う隊員の名前は？,イデ隊員,アマギ隊員,キリヤマ隊員,ハヤタシン,D
159,ウルトラマン,ウルトラマンのエピソード「怪獣無宿」で、怪獣たちが活動する地域は？,都市,山,森,海,B
160,ウルトラマン,ウルトラマンが使用する「ウルトラバリア」の主な用途は？,防御,攻撃,瞬間移動,環境浄化,A
161,ウルトラマン,ウルトラマンのエピソード「バルタン星人」で、バルタン星人が攻撃する手段は？,短時間での再生,光線,火炎放射,電撃,B
162,ウルトラマン,ウルトラマンの変身後の姿で、特徴的な赤と銀の配色は？,アーマー,スーツ,コスチューム,ウェア,B
163,ウルトラマン,ウルトラマンが使用する「スペシウム光線」で、主に倒す相手は？,宇宙人,地球の怪獣,ほかのウルトラマン,地球外生命体,B
164,ウルトラマン,ウルトラマンのエピソード「ジャミラ」で、ジャミラの変身前の姿は？,医師,科学者,軍人,宇宙飛行士,D
165,ウルトラマン,ウルトラマンのサポートメンバーで、戦闘能力に優れる隊員の名前は？,ハヤタシン,イデ隊員,キリヤマ隊員,アマギ隊員,C
166,ウルトラマン,ウルトラマンのエピソード「ガラモン」で、ガラモンが住んでいる場所は？,都市,山,海,森,B
167,ウルトラマン,ウルトラマンが使用する「ウルトラスパーク」で、主な用途は？,短距離移動,瞬時の強化,攻撃,環境保護,C
168,ウルトラマン,ウルトラマンの変身アイテムで、普段はどこに保管されているか？,ベルト,ポケット,手袋,バッグ,A
169,ウルトラマン,ウルトラマンのエピソード「バルタン星人」で、バルタン星人の支配下にあった都市は？,東京,大阪,名古屋,横浜,A
170,ウルトラマン,ウルトラマンのエピソード「怪獣無宿」で、怪獣たちが攻撃する理由は？,地球の支配,食料の獲得,自己防衛,環境破壊,A
171,ウルトラマン,ウルトラマンのエピソード「ゼットン」で、ゼットンが持つ特技は？,瞬間移動,火を吹く,超音波,光線,D
172,ウルトラマン,ウルトラマンのサポートメンバーで、通信の役割を担うのは誰？,ハヤタシン,イデ隊員,アマギ隊員,キリヤマ隊員,C
173,ウルトラマン,ウルトラマンが使用する「ウルトラバリア」は、どのように展開されるか？,両手を開く,腕を振る,体の周りに展開,前に投げる,C
174,ウルトラマン,ウルトラマンのエピソード「ケムール人」で、ケムール人の目立つ特徴は？,変身能力,光線攻撃,透明になる能力,巨大化能力,C
175,ウルトラマン,ウルトラマンのエピソード「ジャミラ」で、ジャミラの姿に変わる前の職業は？,科学者,軍人,医師,技師,B
176,ウルトラマン,ウルトラマンが戦う際に使用する「スペシウム光線」の効果は？,短時間で消失させる,強力な光線で攻撃する,物体を固定する,体力を回復させる,B
177,ウルトラマン,ウルトラマンのエピソード「ダダ」で、ダダの特徴的な行動は？,分裂する,瞬間移動する,光線を発射する,火を吹く,A
178,ウルトラマン,ウルトラマンのエピソード「怪獣無宿」で、怪獣たちが最初に出現する場所は？,山,都市,森,海,B
179,ウルトラマン,ウルトラマンが変身するために使用するアイテムの名前は？,スペシウム光線,ベータカプセル,ウルトラアイ,ストリウム光線,B
180,ウルトラマン,ウルトラマンが使用する「ウルトラスパーク」で、主に攻撃する対象は？,怪獣,宇宙船,巨大な物体,人間,A
181,ウルトラマン,ウルトラマンのエピソード「ガラモン」で、ガラモンの主な攻撃方法は？,火を吹く,突進する,石を投げる,巨大化する,C
182,ウルトラマン,ウルトラマンのエピソード「バルタン星人」で、バルタン星人が地球に送り込んだ怪獣は？,ケムール人,ゴモラ,ジャミラ,ペギラ,D
183,ウルトラマン,ウルトラマンのエピソード「怪獣無宿」で、怪獣たちが最初に出現した都市の名前は？,東京,大阪,名古屋,札幌,A
184,ウルトラマン,ウルトラマンが使用する「ウルトラスパーク」の技術はどのように発展した？,新技術の開発,宇宙からの贈り物,古代の遺物,戦闘中の即興技術,A
185,ウルトラマン,ウルトラマンのエピソード「ケムール人」で、ケムール人が地球に来た理由は？,資源の採掘,科学の研究,人類の支配,環境の破壊,C
186,ウルトラマン,ウルトラマンが変身するために使用するアイテムの形状は？,丸いディスク,長方形のカプセル,五角形のメダル,円筒形の筒,B
187,ウルトラマン,ウルトラマンのエピソード「ジャミラ」で、ジャミラが変身した姿はどのような姿か？,巨大な怪獣,人間の姿,小さな宇宙船,中型のロボット,B
188,ウルトラマン,ウルトラマンのエピソード「ダダ」で、ダダが最初に現れる場所はどこか？,森,海,都市,山,C
189,ウルトラマン,ウルトラマンのエピソード「ゼットン」で、ゼットンが地球に来た目的は？,人類の侵略,資源の採取,環境の破壊,科学技術の奪取,A
190,ウルトラマン,ウルトラマンが使用する「スペシウム光線」の効果は？,対象を瞬時に消失させる,物体を固定する,体力を回復させる,短距離移動する,A
191,ウルトラマン,ウルトラマンのエピソード「バルタン星人」で、バルタン星人の変身能力を持つものは？,小さな宇宙船,巨大な怪獣,小さな怪獣,人間の姿,D
192,ウルトラマン,ウルトラマンのエピソード「ゴモラ」で、ゴモラが主に攻撃する方法は？,火を吹く,巨大な石を投げる,突進する,体を巨大化させる,B
193,ウルトラマン,ウルトラマンがエネルギーを放つ技術で、どのようなエネルギーを使用する？,光線,火炎,磁力,音波,A
194,ウルトラマン,ウルトラマンのエピソード「怪獣無宿」で、怪獣たちの行動が引き起こす問題は？,環境の破壊,大規模な火災,都市の崩壊,自然災害,C
195,ウルトラマン,ウルトラマンが変身するためのアイテムはどのように使用する？,胸ポケットに入れる,手のひらに持つ,ベルトに取り付ける,手袋に取り付ける,C
196,ウルトラマン,ウルトラマンのエピソード「ケムール人」で、ケムール人の特徴的な能力は？,瞬間移動,火を吹く,透明になる,巨大化する,C
197,ウルトラマン,ウルトラマンのエピソード「ジャミラ」で、ジャミラの変身前の姿は？,軍人,科学者,医師,宇宙飛行士,D
198,ウルトラマン,ウルトラマンが使用する「ウルトラバリア」で、主な防御対象は？,光線,巨大な物体,突進攻撃,音波,C
199,ウルトラマン,. ウルトラマンのエピソード「ダダ」で、ダダの特技は何？,体を分裂させる,瞬間移動,火を吹く,光線を発射する,A
200,ウルトラセブン,ウルトラセブンが初登場したエピソードのタイトルは？,地球のSOS,ウルトラ警備隊西へ,宇宙人15+1,宇宙囚人303,A
201,ウルトラセブン,ウルトラセブンの変身前の人間の姿は？,ダン・モロボシ,シン・ハヤタ,アマギ隊員,イデ隊員,A
202,ウルトラセブン,ウルトラセブンが使用する最も有名な武器は？,アイ・スラッガー,スペシウム光線,ウルトラスパーク,ワイドショット,A
203,ウルトラセブン,ウルトラセブンが所属する組織の名前は？,宇宙警備隊,地球防衛軍,ウルトラ警備隊,特捜隊,C
204,ウルトラセブン,ウルトラセブンのエピソード「ノンマルトの使者」で、ノンマルトが主張していることは何か？,地球は彼らのものだ,人類を保護するべきだ,宇宙人との平和を求める,自然を守ることが大事だ,A
205,ウルトラセブン,ウルトラセブンが地球に来た理由は？,地球を守るため,宇宙人と戦うため,観察任務,科学研究のため,C
206,ウルトラセブン,ウルトラセブンが戦う際に使用する「エメリウム光線」は、どの部分から発射されるか？,目,口,胸,手,A
207,ウルトラセブン,ウルトラセブンのエピソード「ダーク・ゾーン」で、セブンが対峙した怪獣の名前は？,メトロン星人,ペダン星人,イカルス星人,ガッツ星人,A
208,ウルトラセブン,ウルトラセブンの主題歌を歌った歌手の名前は？,ささきいさお,ボーカル・ショップ,子門真人,村井邦彦,B
209,ウルトラセブン,ウルトラセブンが地球防衛軍に協力して戦う際に、隊員たちが使用する移動手段は？,ビートル,ポインター,マットアロー,スカイホエール,B
210,ウルトラセブン,ウルトラセブンのエピソード「第四惑星の悪夢」で、第四惑星の住民が目指していることは何か？,地球の侵略,他の惑星との共存,永遠の平和,宇宙の支配,A
211,ウルトラセブン,ウルトラセブンの必殺技「アイ・スラッガー」は、どこから飛んでいくか？,手,頭,胸,足,B
212,ウルトラセブン,ウルトラセブンのエピソード「ウルトラ警備隊西へ」で、ウルトラ警備隊が向かった場所はどこか？,北極,南極,ヨーロッパ,アメリカ,D
213,ウルトラセブン,ウルトラセブンの変身アイテムの名前は？,ウルトラアイ,ベータカプセル,フラッシュビーム,クリスタルグローブ,A
214,ウルトラセブン,ウルトラセブンのエピソード「アンドロイド0指令」で、アンドロイドたちが持つ計画は？,地球の支配,宇宙の征服,人類の抹殺,環境破壊,C
215,ウルトラセブン,ウルトラセブンが使用する「エメリウム光線」の色は？,青,赤,緑,黄色,C
216,ウルトラセブン,ウルトラセブンのエピソード「人間牧場」で、人間を集めている宇宙人の名前は？,ポール星人,ゴース星人,メトロン星人,バルタン星人,A
217,ウルトラセブン,ウルトラセブンのエピソード「宇宙人15+1」で、宇宙人たちが目指していることは？,地球の破壊,宇宙の平和,人類との共存,自分たちの星を再建する,A
218,ウルトラセブン,ウルトラセブンのエピソード「怪しい隣人」で、隣人が実際に正体を隠していたものは何か？,ロボット,宇宙人,怪獣,スパイ,B
219,ウルトラセブン,ウルトラセブンのエピソード「盗まれたウルトラ・アイ」で、ウルトラ・アイが盗まれた際、ダンが直面した危機は？,変身できなくなる,エネルギーが切れる,記憶を失う,捕虜になる,A
220,ウルトラセブン,ウルトラセブンが戦う際に使用する「ワイドショット」は、どのような技か？,強力な光線を放つ,敵を切り裂く,瞬時に移動する,巨大化する,A
221,ウルトラセブン,ウルトラセブンのエピソード「セブン暗殺計画」で、ウルトラセブンを暗殺しようとする宇宙人の名前は？,イカルス星人,ガッツ星人,ペダン星人,キュラソ星人,A
222,ウルトラセブン,ウルトラセブンのエピソード「湖の秘密」で、湖に潜む怪獣の名前は？,ガンダー,クレージゴン,キュラソ星人,ウインダム,A
223,ウルトラセブン,ウルトラセブンのエピソード「ノンマルトの使者」で、ノンマルトがどこから来た存在か？,海底,宇宙,地下,他の惑星,A
224,ウルトラセブン,ウルトラセブンのエピソード「宇宙囚人303」で、囚人が何を目指していたか？,地球の征服,自由を手に入れる,宇宙の支配,他の囚人を解放する,B
225,ウルトラセブン,ウルトラセブンのエピソード「第四惑星の悪夢」で、第四惑星が使用していた兵器の名前は？,ミサイル,レーザー,ビームガン,ロボット兵器,D
226,ウルトラセブン,ウルトラセブンのエピソード「ウルトラ警備隊西へ」で、セブンと共に戦うことになる怪獣の名前は？,エレキング,ガッツ星人,メトロン星人,マグマ星人,A
227,ウルトラセブン,ウルトラセブンのエピソード「ペガッサ星人」で、ペガッサ星人が持っていた惑星の名前は？,ペガッサシティ,ペガッサシステム,ペガッサホール,ペガッサスター,A
228,ウルトラセブン,ウルトラセブンが持つ「ワイドショット」は、どのように発射される技か？,手を前に出して発射,両腕を広げて発射,頭部から発射,胸から発射,B
229,ウルトラセブン,ウルトラセブンのエピソード「怪奇！巨大ロボット」で、セブンが戦った巨大ロボットの名前は？,キングジョー,ジャイアント,ガンダー,メカニコング,A
230,ウルトラセブン,ウルトラセブンのエピソード「侵略する死者たち」で、敵対する宇宙人の名前は？,メトロン星人,ギエロン星獣,シャドー星人,ガッツ星人,C
231,ウルトラセブン,ウルトラセブンのエピソード「ノンマルトの使者」で、ノンマルトが現れるのはどの場所か？,山中,海底,空中,地下,B
232,ウルトラセブン,ウルトラセブンのエピソード「悪魔の住む花」で、悪魔が宿る花の名前は？,メフィラスフラワー,デビルフラワー,キングフラワー,ポールフラワー,B
233,ウルトラセブン,ウルトラセブンのエピソード「セブン暗殺計画」で、セブンを暗殺しようとした宇宙人の名前は？,マグマ星人,イカルス星人,ペガッサ星人,ガッツ星人,B
234,ウルトラセブン,ウルトラセブンのエピソード「盗まれたウルトラ・アイ」で、ウルトラ・アイを盗んだ宇宙人は？,ダーク星人,キングジョー,マグマ星人,ガッツ星人,D
235,ウルトラセブン,ウルトラセブンのエピソード「湖のひみつ」で、湖の底に潜む怪獣は？,エレキング,ガンダー,キングジョー,ウィンダム,B
236,ウルトラセブン,ウルトラセブンのエピソード「消された時間」で、時間を操る能力を持つ宇宙人は？,メトロン星人,バド星人,ナース,ギエロン星獣,B
237,ウルトラセブン,ウルトラセブンのエピソード「宇宙人15+1」で、15人の宇宙人が連れてきた怪獣は？,ガンダー,ペギラ,ガッツ星人,キングジョー,D
238,ウルトラセブン,ウルトラセブンのエピソード「マックス号応答せよ」で、マックス号が捕らえられた宇宙人の名前は？,マグマ星人,シャドー星人,キュラソ星人,イカルス星人,A
239,ウルトラセブン,ウルトラセブンのエピソード「侵略する死者たち」で、ウルトラセブンが使った最終兵器の名前は？,ウルトラスラッシュ,アイ・スラッガー,ワイドショット,エメリウム光線,C
240,ウルトラセブン,ウルトラセブンのエピソード「ノンマルトの使者」で、ノンマルトの正体は？,古代人類,宇宙人,海洋生物,地底人,A
241,ウルトラセブン,ウルトラセブンのエピソード「第四惑星の悪夢」で、セブンが戦ったロボット兵器の名前は？,ゼットン,キングジョー,ゴモラ,テペト,B
242,ウルトラセブン,ウルトラセブンのエピソード「狙われた街」で、セブンが対峙した都市がどこにあるか？,東京,大阪,名古屋,札幌,A
243,ウルトラセブン,ウルトラセブンのエピソード「アンドロイド0指令」で、アンドロイドたちが目指した目標は？,地球の支配,宇宙の征服,人類の排除,科学技術の奪取,C
244,ウルトラセブン,ウルトラセブンのエピソード「湖のひみつ」で、怪獣ガンダーが潜む場所は？,火山,海底,森林,湖の底,D
245,ウルトラセブン,ウルトラセブンのエピソード「悪魔の住む花」で、花がもたらす悪影響は？,強力な毒素,時間の遅延,精神操作,エネルギー吸収,C
246,ウルトラセブン,ウルトラセブンのエピソード「セブン暗殺計画」で、セブンを狙った宇宙人の名前は？,キングジョー,イカルス星人,バド星人,メトロン星人,B
247,ウルトラセブン,ウルトラセブンのエピソード「ノンマルトの使者」で、ノンマルトが人間に伝えたメッセージは？,地球は私たちのもの,宇宙人との共存,地球の自然を守れ,すべての生物を保護せよ,A
248,ウルトラセブン,ウルトラセブンのエピソード「第四惑星の悪夢」で、第四惑星の兵器を無力化するためにセブンが使った技は？,アイ・スラッガー,エメリウム光線,ワイドショット,ウルトラスラッシュ,C
249,ウルトラセブン,ウルトラセブンが人間体に戻る際に使うアイテムは？,ウルトラ・アイ,ベータカプセル,フラッシュビーム,ウルトラスティック,A
250,ウルトラセブン,ウルトラセブンのエピソード「闇に光る目」で、セブンが遭遇した敵の特徴は何か？,怪獣の大きな目,光を吸収する能力,念力で操る目,闇の中で光る目,D
251,ウルトラセブン,ウルトラセブンが「キングジョー」との戦いで苦戦した原因は何か？,キングジョーの強力な防御力,キングジョーの速さ,キングジョーの超能力,キングジョーの巨大さ,A
252,ウルトラセブン,ウルトラセブンのエピソード「マックス号応答せよ」で、マックス号を使って宇宙人が行った作戦は？,人類を洗脳する,他の惑星を攻撃する,地球の通信を遮断する,ウルトラ警備隊を罠にかける,D
253,ウルトラセブン,ウルトラセブンのエピソード「ノンマルトの使者」で、ノンマルトが地球に存在する理由は？,侵略目的,人類との共存,古代からの居住者,資源の採掘,C
254,ウルトラセブン,ウルトラセブンのエピソード「ウルトラ警備隊西へ」で、ウルトラ警備隊が使用した飛行機の名前は？,ポインター,マックス号,マグマライザー,テラホーク,B
255,ウルトラセブン,ウルトラセブンのエピソード「ペガッサ星人」で、ペガッサ星人が持つ武器は？,重力波,レーザーガン,電磁波,マイクロ波,A
256,ウルトラセブン,ウルトラセブンのエピソード「地底GO!GO!GO!」で、ウルトラ警備隊が地底に潜入するために使用したビークルは？,タンク,ジェットモグラ,サブマリン,ホバートラック,B
257,ウルトラセブン,ウルトラセブンのエピソード「最終決戦」で、セブンが最も危険と判断した敵は誰？,キングジョー,ゴーロン星人,ゴドラ星人,イカルス星人,C
258,ウルトラセブン,ウルトラセブンのエピソード「湖のひみつ」で、湖に潜む怪獣ガンダーの攻撃方法は？,炎,電撃,超音波,体当たり,B
259,ウルトラセブン,ウルトラセブンのエピソード「狙われた街」で、メトロン星人が用いた人間を操る手段は？,煙草,飲料水,空気,食べ物,A
260,ウルトラセブン,ウルトラセブンのエピソード「盗まれたウルトラ・アイ」で、ウルトラ・アイを盗んだのは誰？,ガッツ星人,シャプレー星人,キュラソ星人,ポール星人,A
261,ウルトラセブン,ウルトラセブンのエピソード「宇宙からの贈り物」で、宇宙から降ってきた贈り物は何だった？,謎の金属,宇宙植物,不明な生物,高性能エネルギー,B
262,ウルトラセブン,ウルトラセブンのエピソード「超兵器R1号」で、R1号を開発した科学者の名前は？,ギエロン星人,秋月博士,藤川博士,森村博士,B
263,ウルトラセブン,ウルトラセブンのエピソード「円盤が来た」で、円盤が到着した場所はどこ？,富士山,東京湾,北海道,沖縄,B
264,ウルトラセブン,ウルトラセブンのエピソード「ノンマルトの使者」で、ノンマルトが使った武器は何？,音波,レーザー,水中ミサイル,超能力,C
265,ウルトラセブン,ウルトラセブンのエピソード「恐怖の超猿人」で、超猿人を作り出したのは誰？,ポール星人,シャドー星人,メトロン星人,イカルス星人,B
266,ウルトラセブン,ウルトラセブンのエピソード「第4惑星の悪夢」で、第4惑星の住民が使用した兵器は？,ロボット兵器,超音波砲,レーザー砲,電磁波砲,A
267,ウルトラセブン,ウルトラセブンのエピソード「宇宙囚人303」で、囚人が狙っていたのは何？,自由,地球征服,宇宙支配,エネルギー資源,A
268,ウルトラセブン,ウルトラセブンのエピソード「恐怖の超猿人」で、超猿人が持つ特技は何？,高い知能,瞬間移動,超怪力,炎のブレス,C
269,ウルトラセブン,ウルトラセブンのエピソード「ノンマルトの使者」で、ノンマルトが人類に対して主張したことは？,地球はノンマルトのものである,宇宙の平和を求める,他の惑星への移住を要求する,地球の自然を守るべき,A
270,ウルトラセブン,ウルトラセブンのエピソード「ノンマルトの使者」で、ノンマルトが住んでいた場所はどこ？,地下,海底,山中,宇宙,B
271,ウルトラセブン,ウルトラセブンのエピソード「最終決戦」で、セブンが使った最後の技は？,ワイドショット,アイ・スラッガー,エメリウム光線,ウルトラスラッシュ,A
272,ウルトラセブン,ウルトラセブンのエピソード「盗まれたウルトラ・アイ」で、セブンがウルトラ・アイを取り戻した方法は？,直接戦闘,潜入作戦,仲間の助け,敵の罠を逆利用,C
273,ウルトラセブン,ウルトラセブンのエピソード「第4惑星の悪夢」で、第4惑星の住民が抱いていた恐怖は何か？,他の惑星からの侵略,ロボット兵器の反乱,資源の枯渇,人類との接触,B
274,ウルトラセブン,ウルトラセブンのエピソード「湖のひみつ」で、怪獣ガンダーが潜む湖の名前は？,琵琶湖,猪苗代湖,阿寒湖,霞ヶ浦,C
275,ウルトラセブン,ウルトラセブンのエピソード「ノンマルトの使者」で、ノンマルトが地球の支配権を主張した理由は？,先住民族だったため,宇宙人の指示で,資源を守るため,人類を滅ぼすため,A
276,ウルトラセブン,ウルトラセブンのエピソード「盗まれたウルトラ・アイ」で、ガッツ星人がウルトラ・アイを盗んだ目的は何か？,ウルトラセブンを無力化するため,宇宙征服のための武器にするため,交渉材料として利用するため,ウルトラ警備隊に復讐するため,A
277,ウルトラセブン,ウルトラセブンのエピソード「超兵器R1号」で、R1号がもたらした問題は何か？,惑星の破壊,人類への反逆,宇宙人の報復,環境汚染,C
278,ウルトラセブン,ウルトラセブンのエピソード「狙われた街」で、メトロン星人が人間に与えた害は何か？,精神異常,体の硬化,激しい眠気,失明,A
279,ウルトラセブン,ウルトラセブンのエピソード「第四惑星の悪夢」で、第四惑星の住民が頼りにしていたロボット兵器の名前は？,キングジョー,アイアンキング,ロボットキング,メカゴジラ,A
280,ウルトラセブン,ウルトラセブンのエピソード「湖のひみつ」で、怪獣ガンダーがウルトラセブンに対して使った攻撃は？,炎のブレス,超音波攻撃,水中ミサイル,電撃攻撃,D
281,ウルトラセブン,ウルトラセブンのエピソード「宇宙囚人303」で、囚人303が地球に逃げてきた理由は？,宇宙警察から逃れるため,地球を支配するため,他の宇宙人に追われていたため,宇宙船が故障したため,A
282,ウルトラセブン,ウルトラセブンのエピソード「悪魔の住む花」で、デビルフラワーの能力は何か？,毒素を放つ,幻覚を見せる,精神を操る,時間を止める,C
283,ウルトラセブン,ウルトラセブンのエピソード「ノンマルトの使者」で、ノンマルトが生息していた場所は？,海底都市,地下洞窟,空中要塞,宇宙船内,A
284,ウルトラセブン,ウルトラセブンのエピソード「宇宙からの贈り物」で、贈り物として送られたものがもたらした影響は何か？,怪獣を引き寄せる,天候を操る,人間を狂わせる,植物が巨大化する,D
285,ウルトラセブン,ウルトラセブンのエピソード「超兵器R1号」で、R1号の開発に反対したウルトラ警備隊員は誰？,フルハシ隊員,ソガ隊員,アンヌ隊員,キリヤマ隊長,C
286,ウルトラセブン,ウルトラセブンのエピソード「恐怖の超猿人」で、超猿人が人類に対して行った行動は？,侵略,破壊活動,同化,洗脳,B
287,ウルトラセブン,ウルトラセブンのエピソード「湖のひみつ」で、ウルトラセブンがガンダーを倒すために使用した技は？,アイ・スラッガー,ワイドショット,エメリウム光線,ウルトラスラッシュ,C
288,ウルトラセブン,ウルトラセブンのエピソード「第四惑星の悪夢」で、第四惑星の住民がロボット兵器に依存した理由は？,自然災害を防ぐため,効率的な防衛手段として,他の惑星を侵略するため,労働力として利用するため,B
289,ウルトラセブン,ウルトラセブンのエピソード「悪魔の住む花」で、ウルトラセブンがデビルフラワーに対抗するために行ったことは？,花を燃やす,特殊な光を当てる,水で浸す,氷で冷やす,B
290,ウルトラセブン,ウルトラセブンのエピソード「超兵器R1号」で、R1号を使うことで宇宙人が引き起こした出来事は？,地球への攻撃,自己崩壊,惑星間戦争,地球の環境破壊,A
291,ウルトラセブン,ウルトラセブンのエピソード「円盤が来た」で、円盤が持っていた兵器は何か？,レーザー砲,電磁波兵器,核ミサイル,サイコガン,B
292,ウルトラセブン,ウルトラセブンのエピソード「ノンマルトの使者」で、ノンマルトが地球人に伝えた言葉は何か？,共存の道を探れ,戦争をやめろ,地球から去れ,すべての命を尊重せよ,C
293,ウルトラセブン,ウルトラセブンのエピソード「狙われた街」で、メトロン星人の計画を阻止したセブンの手段は？,ステルス作戦,正面からの戦闘,メトロン星人の基地を破壊,メトロン星人を説得,B
294,ウルトラセブン,ウルトラセブンのエピソード「盗まれたウルトラ・アイ」で、ウルトラ警備隊がガッツ星人に対して行った対策は？,罠を仕掛ける,ウルトラセブンを助けるための作戦を立てる,ウルトラ・アイの代用品を作る,ガッツ星人と交渉する,B
295,ウルトラセブン,ウルトラセブンのエピソード「超兵器R1号」で、R1号の発射に反対した人物は誰？,ダン・モロボシ,キリヤマ隊長,ソガ隊員,フルハシ隊員,A
296,ウルトラセブン,ウルトラセブンのエピソード「宇宙囚人303」で、囚人303が使用した武器は？,レーザーガン,爆弾,テレパシー,ナイフ,C
297,ウルトラセブン,ウルトラセブンのエピソード「最終決戦」で、ゴドラ星人が使った戦術は？,地球防衛軍への奇襲攻撃,地球に偽情報を流す,ウルトラセブンを罠にかける,地球全体を封鎖する,C
298,ウルトラセブン,ウルトラセブンのエピソード「湖のひみつ」で、ガンダーが湖に潜んでいた理由は何か？,地球を侵略するため,湖がガンダーの故郷だから,人類を監視するため,エネルギーを蓄えるため,B
299,ウルトラセブン,. ウルトラセブンのエピソード「ノンマルトの使者」で、ノンマルトと地球人との対立が始まった原因は？,地球人がノンマルトの領土を侵害したため,ノンマルトが地球の支配を企てたため,宇宙の秩序が乱れたため,誤解による衝突,A
300,ウルトラマンティガ,ウルトラマンティガの物語が始まる時代設定はどのくらい未来の世界か？,10年後,30年後,100年後,200年後,C
301,ウルトラマンティガ,ウルトラマンティガが最初に登場したエピソードのタイトルは？,光の勇者,巨人の復活,闇からの使者,新たなる希望,B
302,ウルトラマンティガ,ウルトラマンティガの変身者であるマドカ・ダイゴは、どの組織に所属しているか？,GUTS,MAC,ZAT,TPC,A
303,ウルトラマンティガ,ウルトラマンティガのカラータイマーが点滅する理由は？,エネルギー不足,戦闘ダメージ,敵の攻撃,変身時間が切れる,A
304,ウルトラマンティガ,ウルトラマンティガのタイプチェンジのうち、パワータイプの特徴は何か？,スピードが上がる,防御力が上がる,攻撃力が上がる,飛行能力が向上する,C
305,ウルトラマンティガ,ウルトラマンティガのパワータイプの主な必殺技は何か？,ゼペリオン光線,デラシウム光流,ランバルト光弾,メガトンパンチ,B
306,ウルトラマンティガ,ウルトラマンティガの「マルチタイプ」は、どのような特徴を持っているか？,バランスが取れた能力,防御特化,攻撃特化,スピード特化,A
307,ウルトラマンティガ,ティガのライバルである闇の巨人たちの名前は何か？,カミーラ、ダーラム、ヒュドラ,バルタン星人、ゼットン、エレキング,レギオス、ダークバルタン、ギガス,ダイナ、ガイア、コスモス,A
308,ウルトラマンティガ,ウルトラマンティガが人間に変身できる理由は何か？,人間の強い意志を感じたから,人類との共存を望んだから,地球の環境に適応するため,GUTSの技術によるもの,B
309,ウルトラマンティガ,ウルトラマンティガのエピソード「光の超戦士」で、ティガはどの怪獣と戦ったか？,ガタノゾーア,ゴルザ,メルバ,キリエロイド,D
310,ウルトラマンティガ,ウルトラマンティガのデザインには、どのような特徴があるか？,銀色のボディに赤と青のライン,黄金のボディと黒い模様,白と黒のストライプ,全身が黒一色,A
311,ウルトラマンティガ,ティガがパワータイプにチェンジする際に使用するアイテムは何か？,ウルトラブレスレット,ティガスパーク,バトルナイザー,ゼペリオンシールド,B
312,ウルトラマンティガ,ウルトラマンティガの最終回で、ティガが変身できなくなった理由は何か？,エネルギーが枯渇したから,敵の呪いによるもの,ダイゴの意志が弱まったから,闇の力に負けたから,C
313,ウルトラマンティガ,ウルトラマンティガの放送開始年は？,1995年,1996年,1997年,1998年,B
314,ウルトラマンティガ,ウルトラマンティガの劇場版作品のタイトルは何か？,ウルトラマンティガ THE FINAL ODYSSEY,ウルトラマンティガ 地球を守る戦士,ウルトラマンティガ 光の巨人伝説,ウルトラマンティガ 勇者の復活,A
315,ウルトラマンティガ,ティガが戦った「キリエロイド」は何を司る怪獣か？,火,闇,風,水,B
316,ウルトラマンティガ,ウルトラマンティガの登場により、ウルトラシリーズに初めて導入された要素は何か？,デジタル合成技術,カラータイマー,人間と融合したウルトラマン,タイプチェンジ能力,D
317,ウルトラマンティガ,ウルトラマンティガの必殺技である「ゼペリオン光線」は、どのタイプで使用できるか？,パワータイプ,マルチタイプ,スカイタイプ,全てのタイプ,B
318,ウルトラマンティガ,ウルトラマンティガのエピソード「最終三部作」で、ティガと最後に戦った敵の名前は？,ガタノゾーア,カミーラ,メルバ,デモンゾーア,A
319,ウルトラマンティガ,ウルトラマンティガのスカイタイプが得意とする戦術は？,高速飛行,重力制御,忍耐力,超音速移動,A
320,ウルトラマンティガ,ウルトラマンティガのエピソード「暗黒の支配者」で、ティガはどの技を使ってガタノゾーアを倒したか？,ゼペリオン光線,デラシウム光流,ゼペリオン光波,グリッターティガ光線,D
321,ウルトラマンティガ,ウルトラマンティガのスカイタイプで使われる必殺技は？,ゼペリオン光線,ランバルト光弾,デラシウム光流,サイクロンビーム,D
322,ウルトラマンティガ,ウルトラマンティガのエピソード「闇の支配者」で、グリッターティガが現れるきっかけとなったのは？,ダイゴの覚悟,光の巨人の力,ガタノゾーアの攻撃,子供たちの祈り,D
323,ウルトラマンティガ,ウルトラマンティガが倒した怪獣ゴルザの特徴は何か？,火を操る,光を吸収する,影を操る,音波を操る,B
324,ウルトラマンティガ,ウルトラマンティガの劇場版「THE FINAL ODYSSEY」で、ティガの力を狙ったのは誰か？,ダーラム,カミーラ,ヒュドラ,ゾグ,B
325,ウルトラマンティガ,ウルトラマンティガが「闇の巨人」カミーラと戦ったのは、どのエピソード？,巨人の復活,闇の支配者,光の使者,最終決戦,B
326,ウルトラマンティガ,ウルトラマンティガの放送が開始された際、ウルトラシリーズに復活した要素は何か？,カラータイマー,タイプチェンジ,怪獣墓場,防衛チーム,D
327,ウルトラマンティガ,ティガが登場する地球防衛チームの名前は？,GUTS,MAC,TDF,GUYS,A
328,ウルトラマンティガ,ウルトラマンティガのエピソード「人類滅亡の日」で、ティガが戦った敵は誰？,メルバ,キリエロイド,ガタノゾーア,ゴルザ,C
329,ウルトラマンティガ,ウルトラマンティガの「スカイタイプ」は、どのような特徴を持っているか？,防御力が高い,スピードが速い,攻撃力が高い,エネルギー回復が速い,B
330,ウルトラマンティガ,ウルトラマンティガのスカイタイプで使われるもう一つの技は？,サイクロン光波,ライトニングカッター,ウルトラスピン,ウルトラフラッシュ,B
331,ウルトラマンティガ,ウルトラマンティガが戦った怪獣「ゴルザ」は、どのエピソードで登場するか？,暗黒の支配者,光の巨人,闇の使者,地上破壊のゴルザ,D
332,ウルトラマンティガ,ウルトラマンティガの劇場版で、カミーラがティガに対して使用した最強技は？,ダークサンダー,クリムゾンミスト,ダークネスストーム,シャドウビーム,C
333,ウルトラマンティガ,ウルトラマンティガの「マルチタイプ」で、ゼペリオン光線の次に強力な技は？,ウルトラスラッシュ,ゼロワンショット,ウルトラフラッシュ,ゼペリオンソード,A
334,ウルトラマンティガ,ウルトラマンティガの劇場版「THE FINAL ODYSSEY」で、ダイゴがティガに再び変身するために必要だったものは？,ウルトラアイ,子供たちの願い,ティガスパーク,光の意志,B
335,ウルトラマンティガ,ウルトラマンティガのエピソード「地球の危機」で、ティガが初めて登場した瞬間はどの場面か？,ゴルザとの戦い,人々の前で現れた時,ダイゴが初めてティガに変身した時,闇の巨人との戦い,C
336,ウルトラマンティガ,ウルトラマンティガが登場する世界で、「地球防衛軍」の本部がある都市は？,東京,パリ,ロサンゼルス,ニューヨーク,A
337,ウルトラマンティガ,ウルトラマンティガの最終回で、ガタノゾーアを倒した後、ダイゴが選んだ道は？,再びウルトラマンになる,GUTSを辞める,平和な生活を送る,闇の巨人と戦い続ける,C
338,ウルトラマンティガ,ウルトラマンティガの登場するGUTSの主力戦闘機は？,ガッツウィング,スペースセブン,スカイガード,ウルトラホーク,A
339,ウルトラマンティガ,ウルトラマンティガが「光の巨人」として覚醒した理由は？,古代の封印が解かれたため,ダイゴの強い意志によるもの,GUTSの技術によるもの,怪獣による破壊が引き金となった,B
340,ウルトラマンティガ,ウルトラマンティガのエピソード「闇の支配者」で、ティガがガタノゾーアとの最終決戦に臨む際に使用した新たな形態は？,マルチタイプ,グリッターティガ,パワータイプ,ダークティガ,B
341,ウルトラマンティガ,ウルトラマンティガの放送当時、オープニングテーマを歌ったのは誰？,宇多田ヒカル,影山ヒロノブ,大黒摩季,V6,D
342,ウルトラマンティガ,ウルトラマンティガのエピソード「怪獣無法地帯」で、ティガが戦った敵は？,ゴルザ,キリエロイド,メルバ,ネオザルス,D
343,ウルトラマンティガ,ウルトラマンティガの劇場版「THE FINAL ODYSSEY」で、ティガが使用した究極の光の技は？,ゼペリオン光線,グリッター光線,ランバルト光弾,グリッタースラッシュ,B
344,ウルトラマンティガ,ウルトラマンティガのエピソード「降臨する大地」で、ティガは何に変身するための力を得たか？,ウルトラマンゼロ,グリッターティガ,スカイタイプ,ダークティガ,B
345,ウルトラマンティガ,ウルトラマンティガが最初に戦った怪獣は誰？,ガタノゾーア,ゴルザ,メルバ,ネオザルス,B
346,ウルトラマンティガ,ウルトラマンティガの変身者であるマドカ・ダイゴは、GUTS内でどの役職についているか？,隊長,パイロット,科学者,戦闘員,B
347,ウルトラマンティガ,ウルトラマンティガのエピソード「死闘！ティガ対ガタノゾーア」で、ティガがガタノゾーアを倒すために変身したのはどの形態か？,マルチタイプ,パワータイプ,スカイタイプ,グリッターティガ,D
348,ウルトラマンティガ,ウルトラマンティガの劇場版「THE FINAL ODYSSEY」で、ティガがガタノゾーアに勝利するために必要だったのは？,勇気,力,光の意思,仲間の助け,C
349,ウルトラマンティガ,ウルトラマンティガのエピソード「キリエル人来襲」で、ティガが戦った敵はどのような力を持っていたか？,火を操る,闇を操る,時間を操る,空間を操る,B
350,ウルトラマンティガ,ウルトラマンティガのエピソード「闇の支配者」で、ティガがガタノゾーアに敗れた後、何が彼を再び立ち上がらせたか？,仲間たちの声援,ダイゴの決意,人々の祈り,光の巨人の力,C
351,ウルトラマンティガ,ウルトラマンティガがマルチタイプの時に使用する光線技の名称は？,ランバルト光弾,ゼペリオン光線,デラシウム光流,サイクロンビーム,B
352,ウルトラマンティガ,ウルトラマンティガのエピソード「炎の星」で、ティガが戦った敵は誰か？,ゴルザ,キリエロイド,メルバ,ガゾート,C
353,ウルトラマンティガ,ウルトラマンティガのエピソード「光の巨人復活」で、ティガが最初に復活した場所はどこか？,古代の遺跡,東京タワー,富士山,GUTSの基地,A
354,ウルトラマンティガ,ウルトラマンティガの最終回で、ティガが戦うことになった最終的な敵は誰か？,ガタノゾーア,ゴルザ,キリエロイド,ゾグ,A
355,ウルトラマンティガ,ウルトラマンティガのスカイタイプが使用するもう一つの特殊能力は？,超音速移動,空間移動,テレポーテーション,エネルギー吸収,A
356,ウルトラマンティガ,ウルトラマンティガのパワータイプが特化しているのは何か？,攻撃力,スピード,防御力,再生能力,A
357,ウルトラマンティガ,ウルトラマンティガの劇場版「THE FINAL ODYSSEY」で、ティガが闇の巨人を倒すために使用した最後の技は？,ゼペリオン光線,グリッター光線,デラシウム光流,ゼロファイナル,B
358,ウルトラマンティガ,ウルトラマンティガの最終回で、ダイゴがティガとしての力を失った後、何を選んだか？,再びティガとして戦う,平和な生活を送る,GUTSに留まる,光の巨人になる,B
359,ウルトラマンティガ,ウルトラマンティガが最初に変身したのはどのタイプか？,マルチタイプ,スカイタイプ,パワータイプ,グリッターティガ,A
360,ウルトラマンティガ,ウルトラマンティガのエピソード「炎の星」で、ティガがメルバと戦った際に使用した必殺技は？,ゼペリオン光線,ウルトラスラッシュ,サイクロンビーム,デラシウム光流,A
361,ウルトラマンティガ,ウルトラマンティガのスカイタイプで使用する特殊技「ライトニングカッター」は、どのような攻撃か？,光線攻撃,高速斬撃,エネルギー弾,竜巻攻撃,B
362,ウルトラマンティガ,ウルトラマンティガが変身する際に使用するデバイスの名前は？,ウルトラバッジ,ティガスパーク,ウルトラアイ,ブレスレット,B
363,ウルトラマンティガ,ウルトラマンティガのエピソード「人類滅亡の日」で、ガタノゾーアが世界に引き起こした災害は何か？,地震,津波,暗黒の雲,火山噴火,C
364,ウルトラマンティガ,ウルトラマンティガのエピソード「闇の支配者」で、グリッターティガに変身した際の特徴は何か？,全身が金色に輝く,スピードが速くなる,防御力が高くなる,エネルギーが無限に供給される,A
365,ウルトラマンティガ,ウルトラマンティガが戦った怪獣「キリエロイド」の主な攻撃方法は？,闇の炎,高周波攻撃,電撃,テレキネシス,A
366,ウルトラマンティガ,ウルトラマンティガの劇場版「THE FINAL ODYSSEY」で、カミーラがティガに求めたものは何か？,再び共に闇に戻ること,世界征服,無限の力,ガタノゾーアの力,A
367,ウルトラマンティガ,ウルトラマンティガのマルチタイプが他の形態より優れている点は何か？,スピード,バランスの取れた能力,防御力,再生能力,B
368,ウルトラマンティガ,ウルトラマンティガが戦った際、ガタノゾーアの弱点とされた部分はどこか？,胸部,頭部,目,尾,B
369,ウルトラマンティガ,ウルトラマンティガの「ウルトラスラッシュ」は、どの形態で使用される技か？,マルチタイプ,スカイタイプ,パワータイプ,グリッターティガ,A
370,ウルトラマンティガ,ウルトラマンティガのエピソード「再会の空」で、ティガがスカイタイプに変身したのはどのシーンか？,空中戦を行うため,高速移動するため,敵の攻撃を避けるため,水中戦を行うため,A
371,ウルトラマンティガ,ウルトラマンティガのエピソード「再会の空」で登場した怪獣は？,ネオザルス,キリエロイド,ゴルザ,ガゾート,D
372,ウルトラマンティガ,ウルトラマンティガの劇場版「THE FINAL ODYSSEY」で、ティガがカミーラと戦った際に使用した技は？,デラシウム光流,ゼペリオン光線,ウルトラスラッシュ,グリッター光線,D
373,ウルトラマンティガ,ウルトラマンティガが変身できる3つの形態のうち、パワータイプの特徴は何か？,攻撃力の高さ,スピードの速さ,飛行能力,エネルギー吸収,A
374,ウルトラマンティガ,ウルトラマンティガのエピソード「怪獣無法地帯」で登場する防衛チームの主力兵器は？,ガッツウィング,メガネビュラ,バトルホーク,ガッツキャノン,A
375,ウルトラマンティガ,ウルトラマンティガのエピソード「暗黒の支配者」で、ティガがグリッターティガに変身する際に必要だった要素は？,光の力,子供たちの祈り,ダイゴの覚悟,GUTSの支援,B
376,ウルトラマンティガ,ウルトラマンティガのエピソード「恐怖の大王」で、ティガが戦った怪獣の名前は？,ゴルザ,メルバ,ネオザルス,ガゾート,C
377,ウルトラマンティガ,ウルトラマンティガのエピソード「光の巨人復活」で、ティガが復活する際に見つかった遺跡はどこの国にあったか？,日本,エジプト,中国,ペルー,C
378,ウルトラマンティガ,ウルトラマンティガのスカイタイプの特徴として、最も正しいものはどれか？,スピードが最も速い,エネルギーを無限に供給できる,飛行能力が強化されている,防御力が最高,A
379,ウルトラマンティガ,ウルトラマンティガのエピソード「暗黒の支配者」で、ガタノゾーアが地球に与えた影響は？,世界中が暗黒に包まれた,津波が発生した,大地震が起こった,火山が噴火した,A
380,ウルトラマンティガ,ウルトラマンティガのエピソード「GUTSよ永遠に」で、ティガが最終的に戦う敵は誰か？,ガタノゾーア,キリエロイド,ゴルザ,カミーラ,A
381,ウルトラマンティガ,ウルトラマンティガの劇場版「THE FINAL ODYSSEY」で、ティガが変身した「グリッターティガ」は何を象徴しているか？,光の完全体,古代の力,ダークパワー,勇気と希望,D
382,ウルトラマンティガ,ウルトラマンティガのスカイタイプで使われる「サイクロンビーム」は、どのような特徴を持っているか？,高速の光線,エネルギー弾,回転するビーム,音波攻撃,C
383,ウルトラマンティガ,ウルトラマンティガのエピソード「闇を斬る光」で、ティガが戦った闇の力を持つ怪獣の名前は？,ゴルザ,ガタノゾーア,キリエロイド,ネオザルス,C
384,ウルトラマンティガ,ウルトラマンティガの変身者であるマドカ・ダイゴは、普段はどのような性格で描かれているか？,熱血漢,冷静沈着,感情豊か,物静かで控えめ,D
385,ウルトラマンティガ,ウルトラマンティガが初めてスカイタイプに変身した際、戦った敵は誰？,ガタノゾーア,ネオザルス,ガゾート,メルバ,C
386,ウルトラマンティガ,ウルトラマンティガが最後に登場するエピソードのタイトルは？,闇の支配者,GUTSよ永遠に,光の復活,ティガ対ガタノゾーア,B
387,ウルトラマンティガ,ウルトラマンティガの劇場版「THE FINAL ODYSSEY」で、ティガがカミーラを倒す際に使用した技は？,ゼペリオン光線,ウルトラスラッシュ,グリッター光線,デラシウム光流,C
388,ウルトラマンティガ,ウルトラマンティガがグリッターティガに変身できたのは、何がきっかけだったか？,光の巨人の力,人々の希望と祈り,ダイゴの覚悟,古代の遺跡,B
389,ウルトラマンティガ,ウルトラマンティガのエピソード「闇の支配者」で、ガタノゾーアに対抗するために必要だったのは？,新しい兵器,勇気,光の力,古代の知識,C
390,ウルトラマンティガ,ウルトラマンティガのエピソード「再会の空」で、ティガが再びスカイタイプに変身したのはどのシーンか？,空中での戦い,逃げるため,敵の攻撃を避けるため,高速移動するため,A
391,ウルトラマンティガ,ウルトラマンティガのエピソード「光の巨人復活」で、ティガが復活する際に使われた光の名前は？,クリスタル光,古代の光,ゼペリオン光,プリズム光,D
392,ウルトラマンティガ,ウルトラマンティガのパワータイプで使用する「ランバルト光弾」の特徴は何か？,強力なエネルギー弾,速射光線,防御技,破壊光線,A
393,ウルトラマンティガ,ウルトラマンティガのエピソード「恐怖の大王」で、ネオザルスが復活したのは何が原因か？,古代の力,GUTSのミス,自然災害,宇宙からのエネルギー,B
394,ウルトラマンティガ,ウルトラマンティガのエピソード「キリエロイドの逆襲」で、キリエロイドがティガに与えた最大のダメージは？,光の力を奪う,時間を止める,暗黒の炎を放つ,空間を歪める,C
395,ウルトラマンティガ,ウルトラマンティガのエピソード「GUTSよ永遠に」で、ティガがグリッターティガに変身する際、何が彼に力を与えたか？,ダイゴの強い意志,子供たちの祈り,光の巨人たちの力,GUTSメンバーの協力,B
396,ウルトラマンティガ,ウルトラマンティガが劇場版「THE FINAL ODYSSEY」で戦う最後の敵は誰か？,カミーラ,ダゴン,ヒュドラ,ガタノゾーア,A
397,ウルトラマンティガ,ウルトラマンティガのエピソード「炎の星」で、ティガが使用したスカイタイプの技は何か？,サイクロンビーム,ウルトラスラッシュ,グリッター光線,ランバルト光弾,A
398,ウルトラマンティガ,ウルトラマンティガのエピソード「闇の支配者」で、ガタノゾーアが世界に引き起こした混乱の象徴として描かれたのは？,巨大な津波,暗黒の雲,地震,火山の噴火,B
399,ウルトラマンティガ,. ウルトラマンティガのエピソード「最終決戦」で、ティガが最後にガタノゾーアを倒す際に使用した技は何か？,ゼペリオン光線,グリッター光線,デラシウム光流,ランバルト光弾,B
400,ウルトラマンティガ,ウルトラマンダイナの主人公・アスカ・シンが所属する防衛チームの名前は？,ZAT,TPC,GUTS,スーパーGUTS,D
401,ウルトラマンティガ,ウルトラマンダイナのスーパーモードで、主に使用される光線技は？,ゼペリオン光線,ソルジェント光線,ウルトラスラッシュ,デラシウム光流,B
402,ウルトラマンティガ,ウルトラマンダイナは何代目のウルトラ戦士とされているか？,4代目,5代目,6代目,7代目,C
403,ウルトラマンティガ,ウルトラマンダイナの変身者、アスカ・シンの性格はどのように描かれているか？,真面目で冷静,陽気で楽天的,内向的で寡黙,冷酷で非情,B
404,ウルトラマンティガ,ウルトラマンダイナのエピソード「新たなる光」で、アスカが初めてダイナに変身した場所はどこか？,宇宙空間,地底,地球上空,海底,A
405,ウルトラマンティガ,ウルトラマンダイナのタイプの中で、スピードに特化している形態は？,フラッシュタイプ,ストロングタイプ,ミラクルタイプ,レインボータイプ,A
406,ウルトラマンティガ,ウルトラマンダイナの変身者アスカ・シンが変身に使用するデバイスの名前は？,スパークレンス,フラッシュスパーク,ウルトラバッジ,ウルトラアイ,B
407,ウルトラマンティガ,ウルトラマンダイナの敵として登場した、エイリアンバルタンが使用する主な攻撃は何か？,光線,テレポート,音波攻撃,火炎放射,B
408,ウルトラマンティガ,ウルトラマンダイナが劇場版で共闘したウルトラ戦士は誰か？,ウルトラマンティガ,ウルトラマンタロウ,ウルトラマンガイア,ウルトラセブン,A
409,ウルトラマンティガ,ウルトラマンダイナのストロングタイプの特徴として正しいものは？,高速移動,パワー重視,高い防御力,光線技の強化,B
410,ウルトラマンティガ,ウルトラマンダイナのエピソード「新たなる光」で、ダイナが最初に戦った怪獣の名前は？,ゴルザ,ネオザルス,ダイゲルン,メルバ,C
411,ウルトラマンティガ,ウルトラマンダイナのエピソード「ゴルドラス襲来」で、ダイナが使用した技は？,ソルジェント光線,フラッシュビーム,ウルトラスラッシュ,ガッツパワー,A
412,ウルトラマンティガ,ウルトラマンダイナのミラクルタイプが得意とする能力は何か？,超能力,超スピード,強力な打撃,防御力強化,A
413,ウルトラマンティガ,ウルトラマンダイナの劇場版「ウルトラマンティガ&ウルトラマンダイナ 光の星の戦士たち」で登場する宇宙人の名前は？,ゴルメデ,ゾイガー,スフィア,メカギラス,C
414,ウルトラマンティガ,ウルトラマンダイナがストロングタイプに変身する際、どのようなエネルギーを使うか？,赤いエネルギー,青いエネルギー,緑のエネルギー,金色のエネルギー,A
415,ウルトラマンティガ,ウルトラマンダイナが変身するきっかけとなった現象は何か？,隕石の落下,宇宙戦争,太陽の異常,超時空エネルギー,D
416,ウルトラマンティガ,ウルトラマンダイナのエピソード「怪獣対GUTS」で、スーパーGUTSの新兵器として登場したものは何か？,ガッツイーグル,ガッツハンター,ガッツウィングEX,ガッツキャノン,C
417,ウルトラマンティガ,ウルトラマンダイナのエピソード「未来の空間」で、ダイナが初めてミラクルタイプに変身するきっかけとなったのは？,テレパシーの力,敵の強力な攻撃,スーパーGUTSの支援,アスカの強い意志,B
418,ウルトラマンティガ,ウルトラマンダイナが使用する技「リボルビーム」の特徴は何か？,高速のビーム,貫通力のある光線,拡散する光弾,防御技,C
419,ウルトラマンティガ,ウルトラマンダイナの劇場版「ウルトラマンティガ&ウルトラマンダイナ」で、ティガとダイナが共闘する敵は？,ダークザギ,ゾイガー,デスフェイサー,グランスフィア,D
420,ウルトラマンティガ,ウルトラマンダイナのフラッシュタイプで使用される「フラッシュビーム」の特徴は？,高速のビーム,拡散する光弾,エネルギー吸収,防御技,A
421,ウルトラマンティガ,ウルトラマンダイナのミラクルタイプが得意とする超能力の一つは？,瞬間移動,テレキネシス,精神攻撃,エネルギー操作,B
422,ウルトラマンティガ,ウルトラマンダイナのストロングタイプで使用される「グラビトンボム」の効果は？,重力攻撃,爆発力が強い,防御技,光線技,A
423,ウルトラマンティガ,ウルトラマンダイナのエピソード「宇宙からの侵略者」で、ダイナが戦った敵は？,メトロン星人,バルタン星人,スフィア,ゾイガー,C
424,ウルトラマンティガ,ウルトラマンダイナの劇場版「ウルトラマンティガ&ウルトラマンダイナ」で登場するダイナとティガの共闘シーンで使用される技は？,ダブルゼペリオン,ダブルソルジェント光線,ダブルフラッシュビーム,ダブルグリッター光線,B
425,ウルトラマンティガ,ウルトラマンダイナのエピソード「ゴルドラスの逆襲」で、ゴルドラスがダイナに与えた最大のダメージは何か？,エネルギー吸収,光線攻撃,高速回転攻撃,爆発波,A
426,ウルトラマンティガ,ウルトラマンダイナのエピソード「未来の空間」で、アスカ・シンがミラクルタイプに変身するきっかけとなったのは？,ダイナの力が封印されていた,時間が歪んでいた,強力な敵の登場,超時空エネルギーの影響,C
427,ウルトラマンティガ,ウルトラマンダイナのエピソード「新たなる光」で、アスカが最初に変身する際の光線技は？,デラシウム光流,ソルジェント光線,フラッシュビーム,ランバルト光弾,B
428,ウルトラマンティガ,ウルトラマンダイナのフラッシュタイプが得意とする能力は？,超スピード,超パワー,超耐久力,超能力,A
429,ウルトラマンティガ,ウルトラマンダイナのエピソード「ダイナの伝説」で、ダイナが戦った古代の怪獣の名前は？,ゴルザ,ネオザルス,メルバ,マグマゴン,D
430,ウルトラマンティガ,ウルトラマンダイナのストロングタイプで、主に使用される必殺技は？,グラビトンボム,ソルジェント光線,フラッシュビーム,ミラクルビーム,A
431,ウルトラマンティガ,ウルトラマンダイナのエピソード「闇の帝王」で、ダイナが直面した強敵は誰か？,デスフェイサー,ガタノゾーア,バルタン星人,スフィア,A
432,ウルトラマンティガ,ウルトラマンダイナのエピソード「怪獣無法地帯」で、ダイナが戦った怪獣は？,ネオザルス,ゴルザ,キリエロイド,ゾイガー,B
433,ウルトラマンティガ,ウルトラマンダイナのエピソード「未来の空間」で、ミラクルタイプの変身後に使用する技は？,リボルビーム,エネルギー弾,ソルジェント光線,フラッシュビーム,A
434,ウルトラマンティガ,ウルトラマンダイナのエピソード「新たなる光」で、ダイナが初めて直面する怪獣はどのような特性を持っていたか？,エネルギー吸収,高速移動,強力な光線攻撃,変身能力,A
435,ウルトラマンティガ,ウルトラマンダイナのフラッシュタイプが使用する「フラッシュビーム」の効果は？,高速のビーム,爆発力のある光線,防御能力の強化,空間の歪み,A
436,ウルトラマンティガ,ウルトラマンダイナのストロングタイプが持つ特技として正しいものは？,強力な打撃,高速移動,高い防御力,精神攻撃,A
437,ウルトラマンティガ,ウルトラマンダイナのミラクルタイプが得意とする特殊能力は？,テレポート,時間操作,エネルギー操作,精神感応,B
438,ウルトラマンティガ,ウルトラマンダイナのエピソード「未来の空間」で、アスカがミラクルタイプに変身する際に重要だったアイテムは？,ティガスパーク,スパークレンス,フラッシュスパーク,グリッタースパーク,B
439,ウルトラマンティガ,ウルトラマンダイナのエピソード「闇の帝王」で、ダイナが最終的に勝利するために使用した技は？,ソルジェント光線,グラビトンボム,リボルビーム,フラッシュビーム,A
440,ウルトラマンティガ,ウルトラマンダイナの劇場版「ウルトラマンティガ&ウルトラマンダイナ 光の星の戦士たち」で、ティガと共に戦うキャラクターは？,キリエロイド,グランスフィア,バルタン星人,ガタノゾーア,B
441,ウルトラマンティガ,ウルトラマンダイナのエピソード「新たなる光」で、アスカが最初に変身する形態は？,ストロングタイプ,フラッシュタイプ,ミラクルタイプ,スカイタイプ,B
442,ウルトラマンティガ,ウルトラマンダイナのエピソード「怪獣対GUTS」で、ダイナが使用する兵器の名前は？,ガッツウィング,ガッツハンター,ガッツイーグル,ガッツパワー,A
443,ウルトラマンティガ,ウルトラマンダイナのエピソード「未来の空間」で、ダイナがミラクルタイプに変身した理由は？,敵の強力な攻撃,時間の歪み,超時空エネルギー,GUTSの支援,A
444,ウルトラマンティガ,ウルトラマンダイナのエピソード「ゴルドラス襲来」で、ゴルドラスが引き起こした災害は何か？,地震,大津波,火山噴火,暴風雨,B
445,ウルトラマンティガ,ウルトラマンダイナのエピソード「ダイナの伝説」で、ダイナが復活するために必要だったものは？,強い意志,光の力,時間の流れ,他のウルトラ戦士の支援,B
446,ウルトラマンティガ,ウルトラマンダイナのエピソード「新たなる光」で、アスカが初めて変身する際のデバイスの名前は？,スパークレンス,フラッシュスパーク,ウルトラアイ,ガッツバッジ,A
447,ウルトラマンティガ,ウルトラマンダイナのエピソード「ゴルドラスの逆襲」で、ダイナが使用した技は何か？,ソルジェント光線,グラビトンボム,フラッシュビーム,リボルビーム,A
448,ウルトラマンティガ,ウルトラマンダイナのフラッシュタイプで使用される技「フラッシュビーム」は、どのような攻撃を行うか？,高速の光線,爆発する光弾,空間を歪める,高圧のエネルギー,A
449,ウルトラマンティガ,ウルトラマンダイナのエピソード「未来の空間」で、アスカが遭遇する未来の敵の名前は？,ダークザギ,スフィア,デスフェイサー,ゾイガー,B
450,ウルトラマンティガ,ウルトラマンダイナのエピソード「怪獣対GUTS」で、スーパーGUTSの新兵器「ガッツイーグル」の役割は？,空中支援,地上攻撃,海中探索,防御,A
451,ウルトラマンティガ,ウルトラマンダイナのエピソード「ゴルドラスの逆襲」で、ダイナがゴルドラスに対抗するために使用した技は？,ソルジェント光線,グラビトンボム,フラッシュビーム,リボルビーム,A
452,ウルトラマンティガ,ウルトラマンダイナのエピソード「新たなる光」で、アスカがダイナに変身した後の初めての戦闘で対決した敵の名前は？,バルタン星人,メトロン星人,ダイゲルン,ゴルザ,C
453,ウルトラマンティガ,ウルトラマンダイナのエピソード「闇の帝王」で、アスカが直面した強敵の名前は？,ダークザギ,ゾイガー,デスフェイサー,バルタン星人,C
454,ウルトラマンティガ,ウルトラマンダイナのエピソード「怪獣無法地帯」で、ダイナが戦う怪獣の中で最も強力なものは？,ゴルザ,ネオザルス,キリエロイド,メルバ,A
455,ウルトラマンティガ,ウルトラマンダイナのエピソード「未来の空間」で、アスカがミラクルタイプに変身するきっかけとなったのは？,敵の強力な攻撃,超時空エネルギーの影響,GUTSの支援,時間の歪み,A
456,ウルトラマンティガ,ウルトラマンダイナのエピソード「新たなる光」で、ダイナが使用する「ソルジェント光線」の特徴は？,強力な貫通力,高速で放射,爆発力のある光線,照準を合わせる光線,A
457,ウルトラマンティガ,ウルトラマンダイナのエピソード「ゴルドラス襲来」で、ゴルドラスが引き起こした災害は何か？,大地震,大津波,火山噴火,巨大な竜巻,B
458,ウルトラマンティガ,ウルトラマンダイナのフラッシュタイプが主に使用する技は？,フラッシュビーム,リボルビーム,グラビトンボム,ソルジェント光線,A
459,ウルトラマンティガ,ウルトラマンダイナのエピソード「新たなる光」で、アスカが最初にダイナとして戦う怪獣の名前は？,ダイゲルン,ゴルザ,キリエロイド,ネオザルス,A
460,ウルトラマンティガ,ウルトラマンダイナのミラクルタイプが得意とする特殊能力は？,テレポート,超スピード,高い防御力,時間操作,D
461,ウルトラマンティガ,ウルトラマンダイナのエピソード「未来の空間」で、アスカがミラクルタイプに変身した理由は？,強力な敵の攻撃,超時空エネルギーの影響,自身の意志,GUTSの支援,A
462,ウルトラマンティガ,ウルトラマンダイナのエピソード「ゴルドラス襲来」で、ダイナが使用した技は何か？,ソルジェント光線,フラッシュビーム,リボルビーム,グラビトンボム,A
463,ウルトラマンティガ,ウルトラマンダイナのストロングタイプが得意とする攻撃技は？,グラビトンボム,フラッシュビーム,ソルジェント光線,リボルビーム,A
464,ウルトラマンティガ,ウルトラマンダイナのエピソード「怪獣無法地帯」で、ダイナが戦った怪獣の名前は？,ネオザルス,ゴルザ,マグマゴン,キリエロイド,B
465,ウルトラマンティガ,ウルトラマンダイナのエピソード「未来の空間」で、アスカが初めて遭遇する未来の敵の名前は？,スフィア,ダークザギ,デスフェイサー,ゾイガー,A
466,ウルトラマンティガ,ウルトラマンダイナのエピソード「新たなる光」で、ダイナが最初に直面する怪獣の名前は？,ゴルザ,ダイゲルン,メルバ,ネオザルス,B
467,ウルトラマンティガ,ウルトラマンダイナのエピソード「ゴルドラス襲来」で、ダイナが使用した必殺技は？,ソルジェント光線,リボルビーム,フラッシュビーム,グラビトンボム,A
468,ウルトラマンティガ,ウルトラマンダイナのミラクルタイプの特徴として正しいものは？,高速移動能力,防御力の強化,時間操作能力,強力な打撃力,C
469,ウルトラマンティガ,ウルトラマンダイナのエピソード「闇の帝王」で、ダイナが最終的に勝利するために使用した技は？,ソルジェント光線,フラッシュビーム,グラビトンボム,リボルビーム,A
470,ウルトラマンティガ,ウルトラマンダイナのエピソード「ゴルドラス襲来」で、ゴルドラスが引き起こした大災害は何か？,地震,火山噴火,大津波,暴風雨,C
471,ウルトラマンティガ,ウルトラマンダイナのフラッシュタイプの特徴として正しいものは？,高速移動能力,高い防御力,強力なエネルギー吸収能力,高い打撃力,A
472,ウルトラマンティガ,ウルトラマンダイナのエピソード「新たなる光」で、アスカが初めてダイナに変身した際の状況は？,宇宙空間,地球上空,地底,海中,B
473,ウルトラマンティガ,ウルトラマンダイナのエピソード「未来の空間」で、アスカがミラクルタイプに変身した理由は？,敵の強力な攻撃,超時空エネルギーの影響,自身の意志,GUTSの支援,A
474,ウルトラマンティガ,ウルトラマンダイナのエピソード「怪獣無法地帯」で、ダイナが戦った怪獣「ネオザルス」の特技は？,エネルギー吸収,高速回転,光線攻撃,強力な打撃,B
475,ウルトラマンティガ,ウルトラマンダイナのエピソード「新たなる光」で、ダイナの最初の変身後、敵として登場する怪獣の名前は？,メルバ,ダイゲルン,バルタン星人,ゴルザ,B
476,ウルトラマンティガ,ウルトラマンダイナのエピソード「ゴルドラスの逆襲」で、ゴルドラスが引き起こした災害は何か？,巨大な津波,大地震,火山噴火,洪水,A
477,ウルトラマンティガ,ウルトラマンダイナのエピソード「未来の空間」で、アスカがミラクルタイプに変身する際に重要な役割を果たしたのは？,ダイナの力,特殊なデバイス,時間の歪み,超時空エネルギー,D
478,ウルトラマンティガ,ウルトラマンダイナのエピソード「ゴルドラス襲来」で、ダイナが使用する「リボルビーム」の特徴は？,高速回転するビーム,強力な貫通力を持つビーム,複数の光弾を放つ,照準を合わせる光線,A
479,ウルトラマンティガ,ウルトラマンダイナのエピソード「怪獣対GUTS」で、ダイナが使用したガッツの新兵器「ガッツイーグル」の特性は？,空中支援と攻撃,地上攻撃,防御機能,海中探査,A
480,ウルトラマンティガ,ウルトラマンダイナのエピソード「新たなる光」で、アスカが最初に変身するフラッシュタイプの特徴は？,高速移動,高い打撃力,強力な光線攻撃,防御能力の強化,A
481,ウルトラマンティガ,ウルトラマンダイナのエピソード「怪獣無法地帯」で、ダイナが戦った怪獣「メルバ」の特技は？,高速移動,エネルギー吸収,高熱の光線,地震発生,C
482,ウルトラマンティガ,ウルトラマンダイナのエピソード「ゴルドラス襲来」で、ゴルドラスが最初に引き起こした大災害は？,大地震,巨大な津波,火山噴火,雷雨,B
483,ウルトラマンティガ,ウルトラマンダイナのエピソード「未来の空間」で、アスカがミラクルタイプに変身するきっかけとなったのは？,敵の強力な攻撃,超時空エネルギー,自身の意志,GUTSの支援,A
484,ウルトラマンティガ,ウルトラマンダイナのエピソード「新たなる光」で、アスカが初めて使用する技は？,ソルジェント光線,フラッシュビーム,リボルビーム,グラビトンボム,B
485,ウルトラマンティガ,ウルトラマンダイナのエピソード「怪獣対GUTS」で、GUTSが使用する新兵器「ガッツハンター」の主な機能は？,敵の攻撃を防ぐ,空中支援を行う,地上攻撃を行う,情報収集を行う,C
486,ウルトラマンティガ,ウルトラマンダイナのエピソード「未来の空間」で、アスカがミラクルタイプに変身する際に使用したアイテムは？,スパークレンス,フラッシュスパーク,グリッタースパーク,ウルトラアイ,A
487,ウルトラマンティガ,ウルトラマンダイナのエピソード「ゴルドラスの逆襲」で、ダイナが直面した敵の名前は？,ゴルドラス,ダークザギ,デスフェイサー,ゾイガー,A
488,ウルトラマンティガ,ウルトラマンダイナのエピソード「新たなる光」で、ダイナが初めて戦う敵の特徴は？,高速回転,強力な光線攻撃,高い防御力,エネルギー吸収,B
489,ウルトラマンティガ,ウルトラマンダイナのエピソード「怪獣無法地帯」で、ダイナが戦う「ゴルザ」の特技は？,地震発生,高熱光線,高速移動,エネルギー吸収,B
490,ウルトラマンティガ,ウルトラマンダイナのエピソード「未来の空間」で、アスカが変身するミラクルタイプの特技は？,時間操作,高速移動,強力な光線攻撃,防御力の強化,A
491,ウルトラマンティガ,ウルトラマンダイナのエピソード「怪獣対GUTS」で、ダイナの主な武器「ガッツウィング」の役割は？,空中支援,地上攻撃,防御機能,敵の捕獲,A
492,ウルトラマンティガ,ウルトラマンダイナのエピソード「新たなる光」で、ダイナが最初に使用する「フラッシュビーム」の効果は？,高速のビーム,強力な爆発力,照準を合わせる光線,エネルギー吸収,A
493,ウルトラマンティガ,ウルトラマンダイナのエピソード「ゴルドラスの逆襲」で、ゴルドラスが引き起こした最大の災害は？,大津波,地震,火山噴火,巨大な竜巻,A
494,ウルトラマンティガ,ウルトラマンダイナのエピソード「怪獣無法地帯」で、ダイナが戦った怪獣「キリエロイド」の特技は？,高熱光線,高速回転,変身能力,エネルギー吸収,C
495,ウルトラマンティガ,ウルトラマンダイナのエピソード「未来の空間」で、アスカが変身するミラクルタイプの特技は？,時間操作,高速移動,強力な光線攻撃,防御力の強化,A
496,ウルトラマンティガ,ウルトラマンダイナのエピソード「ゴルドラスの逆襲」で、ダイナが使用した必殺技「ソルジェント光線」の効果は？,高い貫通力,高速移動,強力な爆発,エネルギー吸収,A
497,ウルトラマンティガ,ウルトラマンダイナのエピソード「怪獣無法地帯」で、ダイナが戦った「ゴルザ」の特技は？,高熱の光線,強力な打撃,高速移動,地震発生,A
498,ウルトラマンティガ,ウルトラマンダイナのエピソード「未来の空間」で、アスカが直面する敵「スフィア」の特徴は？,高速移動能力,エネルギー吸収能力,時間操作能力,強力な光線攻撃,D
499,ウルトラマンティガ,. ウルトラマンダイナのエピソード「新たなる光」で、ダイナが初めて使用する技「フラッシュビーム」の効果は？,高速のビーム,強力なエネルギー波,照準を合わせる光線,防御力強化,A
500,ウルトラマンガイア,ウルトラマンガイアの変身者の名前は？,井上亮,大空大地,早田進,湊明,B
501,ウルトラマンガイア,ウルトラマンガイアが使用する変身アイテムの名前は？,ガイアスパーク,グリッタースパーク,フラッシュスパーク,ガイアバングル,A
502,ウルトラマンガイア,ウルトラマンガイアが最初に戦う敵怪獣は？,イーヴィルティガ,バルタン星人,ガルベロス,ショウガ,C
503,ウルトラマンガイア,ウルトラマンガイアの初めてのエピソードタイトルは？,新たなる光,振り返るな、前を向け,失われた記憶,地球の運命,B
504,ウルトラマンガイア,ウルトラマンガイアの主な敵である「イーヴィルティガ」の特徴は？,高熱光線,高速移動,強力な打撃,エネルギー吸収,D
505,ウルトラマンガイア,ウルトラマンガイアが使用する必殺技「ガイアソード」の特徴は？,エネルギー波,光線攻撃,剣のようなビーム,高速回転する光線,C
506,ウルトラマンガイア,ウルトラマンガイアが変身する際に使用するポーズは？,両手を広げる,両手を前に出す,両手を上に上げる,片手を前に出す,B
507,ウルトラマンガイア,ウルトラマンガイアのエピソード「古の封印」で登場する怪獣の名前は？,ゾイガー,ドラゴン,ガルバリス,レイモス,C
508,ウルトラマンガイア,ウルトラマンガイアのエピソード「振り返るな、前を向け」で、大地が最初に遭遇する怪獣は？,バルタン星人,ガルベロス,デスフェイサー,イーヴィルティガ,B
509,ウルトラマンガイア,ウルトラマンガイアが最も多く使用するタイプは？,バーサーカタイプ,ストロングタイプ,ミラクルタイプ,パワータイプ,D
510,ウルトラマンガイア,ウルトラマンガイアのエピソード「未来の使者」で、大地が協力する人物は？,白山遥,石堂香,川崎誠,小島正義,B
511,ウルトラマンガイア,ウルトラマンガイアのエピソード「炎の戦士」で、大地が使用する技「ガイアビーム」の特徴は？,高速移動するビーム,強力な光線,剣のような光線,高熱の火炎,B
512,ウルトラマンガイア,ウルトラマンガイアのエピソード「終焉の序曲」で、ガイアが戦う最終的な敵の名前は？,ドラゴン,イーヴィルティガ,バルタン星人,ゴルザ,B
513,ウルトラマンガイア,ウルトラマンガイアのエピソード「新たなる光」で、ダイナと共闘する場面が描かれています。このエピソードのタイトルは？,巨大な敵,地球の運命,失われた記憶,振り返るな、前を向け,D
514,ウルトラマンガイア,ウルトラマンガイアのエピソード「歴史の終わり」で、大地が最後に使用する必殺技は？,ガイアソード,ガイアビーム,ガイアエクスプロージョン,ガイアサンダー,C
515,ウルトラマンガイア,ウルトラマンガイアが使用する「ガイアエクスプロージョン」の特徴は？,高速ビーム,エネルギーの爆発,剣のような攻撃,高熱の火炎,B
516,ウルトラマンガイア,ウルトラマンガイアのエピソード「古の封印」で、大地が戦う怪獣「レイモス」の特技は？,高熱光線,高速移動,強力な打撃,エネルギー吸収,A
517,ウルトラマンガイア,ウルトラマンガイアのエピソード「未来の使者」で、大地が未来から来た使者の名前は？,白山遥,石堂香,御厨修,宮崎翔,C
518,ウルトラマンガイア,ウルトラマンガイアのエピソード「地球の運命」で、ダイナとの共闘シーンが見られるが、このエピソードの特徴は？,両者の敵対,協力して敵を倒す,変身能力の比較,相互にサポートする,B
519,ウルトラマンガイア,ウルトラマンガイアのエピソード「炎の戦士」で、ガイアが使用する技「ガイアビーム」の効果は？,高速移動するビーム,強力な光線,剣のような光線,高熱の火炎,B
520,ウルトラマンガイア,ウルトラマンガイアのエピソード「古の封印」で、大地が遭遇する怪獣「ドラゴン」の特技は？,高熱光線,高速移動,強力な打撃,火炎放射,D
521,ウルトラマンガイア,ウルトラマンガイアのエピソード「未来の使者」で、大地が出会う未来の使者の役割は？,敵として登場,未来の予知をする,支援を行う,古代の情報を提供する,C
522,ウルトラマンガイア,ウルトラマンガイアのエピソード「振り返るな、前を向け」で、大地が最初に対峙する怪獣は？,バルタン星人,ガルベロス,ショウガ,イーヴィルティガ,B
523,ウルトラマンガイア,ウルトラマンガイアが使用する必殺技「ガイアサンダー」の特徴は？,高速の電撃,高熱の火炎,高速ビーム,強力な打撃,A
524,ウルトラマンガイア,ウルトラマンガイアのエピソード「新たなる光」で、大地が使用する「ガイアビーム」の特徴は？,高速ビーム,高熱の火炎,強力な光線,剣のようなビーム,C
525,ウルトラマンガイア,ウルトラマンガイアのエピソード「地球の運命」で、大地が最後に戦う敵の名前は？,イーヴィルティガ,バルタン星人,ガルバリス,ゾイガー,A
526,ウルトラマンガイア,ウルトラマンガイアのエピソード「振り返るな、前を向け」で、ガイアが戦う怪獣「ガルベロス」の特技は？,高熱の火炎,高速移動,高速回転,エネルギー吸収,A
527,ウルトラマンガイア,ウルトラマンガイアのエピソード「未来の使者」で、大地が未来の使者と共に対処する問題は？,世界の崩壊,巨大怪獣の侵略,エネルギーの不足,環境破壊,B
528,ウルトラマンガイア,ウルトラマンガイアのエピソード「古の封印」で、大地が戦う怪獣「レイモス」の攻撃方法は？,高熱光線,高速移動,硬い外殻,強力な打撃,A
529,ウルトラマンガイア,ウルトラマンガイアが使用する「ガイアエクスプロージョン」の発動時に必要なエネルギー源は？,ガイアスパーク,フラッシュスパーク,ソルジェントスパーク,グリッタースパーク,A
530,ウルトラマンガイア,ウルトラマンガイアのエピソード「炎の戦士」で、大地が協力する人物は？,石堂香,白山遥,御厨修,宮崎翔,B
531,ウルトラマンガイア,ウルトラマンガイアのエピソード「新たなる光」で、大地が初めて戦う怪獣の名前は？,イーヴィルティガ,ガルベロス,ゾイガー,ドラゴン,B
532,ウルトラマンガイア,ウルトラマンガイアが最も多く使用する武器の名前は？,ガイアソード,ガイアビーム,ガイアバスター,ガイアエクスプロージョン,A
533,ウルトラマンガイア,ウルトラマンガイアのエピソード「古の封印」で、大地が遭遇する「ゾイガー」の特技は？,エネルギー吸収,高熱の火炎,高速移動,高速回転,C
534,ウルトラマンガイア,ウルトラマンガイアのエピソード「地球の運命」で、大地が最終決戦に挑む相手の能力は？,高熱光線,強力な打撃,硬い外殻,高速移動,A
535,ウルトラマンガイア,ウルトラマンガイアのエピソード「振り返るな、前を向け」で、大地が戦う怪獣の特技は？,高熱光線,高速移動,強力な打撃,高速回転,C
536,ウルトラマンガイア,ウルトラマンガイアのエピソード「未来の使者」で、大地が未来から来た使者と共に行う任務は？,巨大怪獣の討伐,世界の救済,環境の修復,エネルギーの供給,A
537,ウルトラマンガイア,ウルトラマンガイアが使用する「ガイアビーム」の発射時に見られる特徴は？,高速光線,高熱の火炎,剣のようなビーム,高速回転,C
538,ウルトラマンガイア,ウルトラマンガイアのエピソード「古の封印」で、大地が使用する「ガイアビーム」の特性は？,高速ビーム,高熱光線,強力な打撃,照準を合わせる,B
539,ウルトラマンガイア,ウルトラマンガイアのエピソード「振り返るな、前を向け」で、大地が使用する「ガイアサンダー」の特性は？,高速の電撃,高熱の火炎,強力な光線,高速ビーム,A
540,ウルトラマンガイア,ウルトラマンガイアのエピソード「地球の運命」で、大地が最後に使用する必殺技の効果は？,高速ビーム,エネルギー爆発,高熱火炎,強力な打撃,B
541,ウルトラマンガイア,ウルトラマンガイアのエピソード「未来の使者」で、大地が協力する「未来の使者」の役割は？,敵として登場,支援を行う,未来の予知をする,環境修復を行う,B
542,ウルトラマンガイア,ウルトラマンガイアのエピソード「振り返るな、前を向け」で、大地が初めて戦う怪獣「ガルベロス」の特技は？,高熱光線,高速移動,高速回転,強力な打撃,D
543,ウルトラマンガイア,ウルトラマンガイアのエピソード「古の封印」で、大地が戦う怪獣「ドラゴン」の特徴は？,高熱火炎,高速移動,硬い外殻,高速ビーム,A
544,ウルトラマンガイア,ウルトラマンガイアのエピソード「地球の運命」で、大地が戦う敵「イーヴィルティガ」の特技は？,高熱光線,高速回転,強力な打撃,エネルギー吸収,D
545,ウルトラマンガイア,ウルトラマンガイアのエピソード「未来の使者」で、大地と共に未来から来た使者が協力する目的は？,地球の保護,環境修復,巨大怪獣の討伐,エネルギー供給,C
546,ウルトラマンガイア,ウルトラマンガイアのエピソード「振り返るな、前を向け」で、大地が戦う怪獣「ショウガ」の特徴は？,高速移動,高熱光線,強力な打撃,高速回転,C
547,ウルトラマンガイア,ウルトラマンガイアのエピソード「古の封印」で、大地が遭遇する怪獣「レイモス」の攻撃方法は？,高熱光線,高速移動,硬い外殻,強力な打撃,A
548,ウルトラマンガイア,ウルトラマンガイアのエピソード「振り返るな、前を向け」で、大地が最初に戦う怪獣の攻撃方法は？,高熱光線,高速移動,強力な打撃,エネルギー吸収,C
549,ウルトラマンガイア,ウルトラマンガイアのエピソード「地球の運命」で、イーヴィルティガとの最終決戦で使用される技は？,ガイアエクスプロージョン,ガイアビーム,ガイアサンダー,ガイアソード,A
550,ウルトラマンガイア,ウルトラマンガイアのエピソード「未来の使者」で、大地が協力する未来の使者の名前は？,石堂香,白山遥,御厨修,高野晶,C
551,ウルトラマンガイア,ウルトラマンガイアのエピソード「炎の戦士」で、大地が使用する技「ガイアソード」の特徴は？,エネルギー波,光線攻撃,剣のようなビーム,高速回転する光線,C
552,ウルトラマンガイア,ウルトラマンガイアのエピソード「振り返るな、前を向け」で、大地が使用する必殺技「ガイアビーム」の特性は？,高速光線,高熱の火炎,強力な光線,剣のような光線,C
553,ウルトラマンガイア,ウルトラマンガイアのエピソード「古の封印」で、大地が最初に対峙する怪獣の名前は？,バルタン星人,ガルベロス,ドラゴン,レイモス,B
554,ウルトラマンガイア,ウルトラマンガイアのエピソード「地球の運命」で、大地が最終決戦で使用する技のエネルギー源は？,ガイアスパーク,フラッシュスパーク,グリッタースパーク,ソルジェントスパーク,A
555,ウルトラマンガイア,ウルトラマンガイアのエピソード「未来の使者」で、大地が出会う未来の使者の役割は？,敵として登場,未来の予知をする,支援を行う,古代の情報を提供する,C
556,ウルトラマンガイア,ウルトラマンガイアのエピソード「振り返るな、前を向け」で、大地が使用する「ガイアサンダー」の特徴は？,高速の電撃,高熱の火炎,高速ビーム,強力な打撃,A
557,ウルトラマンガイア,ウルトラマンガイアのエピソード「炎の戦士」で、大地が使用する必殺技「ガイアソード」の特性は？,高速ビーム,エネルギー波,光線攻撃,剣のようなビーム,D
558,ウルトラマンガイア,ウルトラマンガイアのエピソード「古の封印」で、大地が戦う「レイモス」の特技は？,高熱光線,高速移動,硬い外殻,強力な打撃,A
559,ウルトラマンガイア,ウルトラマンガイアのエピソード「未来の使者」で、大地が未来から来た使者と共に行う任務の目的は？,世界の救済,環境修復,巨大怪獣の討伐,エネルギー供給,C
560,ウルトラマンガイア,ウルトラマンガイアのエピソード「炎の戦士」で、大地が使用する技「ガイアビーム」の特徴は？,高速移動するビーム,強力な光線,剣のようなビーム,高熱の火炎,B
561,ウルトラマンガイア,ウルトラマンガイアのエピソード「古の封印」で、大地が戦う怪獣「ゾイガー」の攻撃方法は？,高速移動,高熱光線,強力な打撃,高速回転,A
562,ウルトラマンガイア,ウルトラマンガイアのエピソード「地球の運命」で、大地が使用する「ガイアエクスプロージョン」の効果は？,高速ビーム,エネルギーの爆発,高熱の火炎,強力な打撃,B
563,ウルトラマンガイア,ウルトラマンガイアのエピソード「未来の使者」で、大地が協力する未来の使者の名前は？,高野晶,御厨修,石堂香,白山遥,B
564,ウルトラマンガイア,ウルトラマンガイアのエピソード「振り返るな、前を向け」で、大地が遭遇する怪獣「ショウガ」の特徴は？,高速回転,高熱光線,高速移動,強力な打撃,D
565,ウルトラマンガイア,ウルトラマンガイアのエピソード「古の封印」で、大地が戦う怪獣「ドラゴン」の特技は？,高熱の火炎,高速移動,硬い外殻,高速ビーム,A
566,ウルトラマンガイア,ウルトラマンガイアのエピソード「地球の運命」で、大地が最終的に対峙する怪獣の能力は？,高熱光線,高速回転,強力な打撃,エネルギー吸収,D
567,ウルトラマンガイア,ウルトラマンガイアのエピソード「振り返るな、前を向け」で、大地が使用する「ガイアサンダー」の効果は？,高速電撃,高熱火炎,強力な光線,高速ビーム,A
568,ウルトラマンガイア,ウルトラマンガイアのエピソード「未来の使者」で、大地が出会う未来の使者の役割は？,敵として登場,支援を行う,未来の予知をする,環境修復を行う,B
569,ウルトラマンガイア,ウルトラマンガイアのエピソード「振り返るな、前を向け」で、大地が使用する「ガイアビーム」の発射時に見られる特徴は？,高速光線,高熱の火炎,剣のようなビーム,強力な光線,D
570,ウルトラマンガイア,ウルトラマンガイアのエピソード「古の封印」で、大地が戦う怪獣「レイモス」の特徴は？,高熱光線,高速移動,硬い外殻,強力な打撃,A
571,ウルトラマンガイア,ウルトラマンガイアのエピソード「未来の使者」で、大地が未来から来た使者と共に解決しようとする問題は？,地球の崩壊,環境破壊,巨大怪獣の侵略,エネルギー不足,C
572,ウルトラマンガイア,ウルトラマンガイアのエピソード「振り返るな、前を向け」で、大地が戦う怪獣「シルバ」の特徴は？,高熱光線,高速移動,強力な打撃,高速回転,A
573,ウルトラマンガイア,ウルトラマンガイアのエピソード「炎の戦士」で、大地が使う「ガイアエクスプロージョン」のエネルギー源は？,ガイアスパーク,ソルジェントスパーク,フラッシュスパーク,グリッタースパーク,A
574,ウルトラマンガイア,ウルトラマンガイアのエピソード「地球の運命」で、大地が使用する「ガイアソード」の特性は？,剣のようなビーム,高速ビーム,エネルギー波,高熱の火炎,A
575,ウルトラマンガイア,ウルトラマンガイアのエピソード「古の封印」で、大地が戦う怪獣「ゾイガー」の特技は？,高速移動,高熱光線,高速回転,強力な打撃,A
576,ウルトラマンガイア,ウルトラマンガイアのエピソード「振り返るな、前を向け」で、大地が初めて戦う怪獣の名前は？,ガルベロス,シルバ,ゾイガー,ドラゴン,B
577,ウルトラマンガイア,ウルトラマンガイアのエピソード「未来の使者」で、大地が使用する「ガイアビーム」の特性は？,高速ビーム,強力な光線,剣のようなビーム,高熱の火炎,B
578,ウルトラマンガイア,ウルトラマンガイアのエピソード「古の封印」で、大地が最初に戦う怪獣「ガルベロス」の攻撃方法は？,高速移動,高熱光線,強力な打撃,高速回転,C
579,ウルトラマンガイア,ウルトラマンガイアのエピソード「炎の戦士」で、大地が協力する人物は？,白山遥,石堂香,御厨修,高野晶,A
580,ウルトラマンガイア,ウルトラマンガイアのエピソード「地球の運命」で、大地が最終決戦に挑む相手の能力は？,高熱光線,高速回転,強力な打撃,エネルギー吸収,D
581,ウルトラマンガイア,ウルトラマンガイアのエピソード「振り返るな、前を向け」で、大地が遭遇する怪獣「ショウガ」の特技は？,高熱光線,高速移動,強力な打撃,高速回転,C
582,ウルトラマンガイア,ウルトラマンガイアのエピソード「未来の使者」で、大地が協力する未来の使者の名前は？,高野晶,白山遥,石堂香,御厨修,D
583,ウルトラマンガイア,ウルトラマンガイアのエピソード「炎の戦士」で、大地が使用する「ガイアビーム」の特徴は？,高速移動するビーム,強力な光線,剣のようなビーム,高熱の火炎,B
584,ウルトラマンガイア,ウルトラマンガイアのエピソード「古の封印」で、大地が遭遇する「レイモス」の攻撃方法は？,高熱光線,高速移動,硬い外殻,強力な打撃,A
585,ウルトラマンガイア,ウルトラマンガイアのエピソード「地球の運命」で、大地が使用する「ガイアエクスプロージョン」の効果は？,高速ビーム,エネルギーの爆発,高熱の火炎,強力な打撃,B
586,ウルトラマンガイア,ウルトラマンガイアのエピソード「振り返るな、前を向け」で、大地が戦う怪獣「ガルベロス」の特技は？,高熱光線,高速移動,高速回転,強力な打撃,D
587,ウルトラマンガイア,ウルトラマンガイアのエピソード「炎の戦士」で、大地が使用する「ガイアサンダー」の特徴は？,高速電撃,高熱火炎,高速ビーム,強力な打撃,A
588,ウルトラマンガイア,ウルトラマンガイアのエピソード「古の封印」で、大地が戦う怪獣「ゾイガー」の攻撃方法は？,高速移動,高熱光線,強力な打撃,高速回転,A
589,ウルトラマンガイア,ウルトラマンガイアのエピソード「未来の使者」で、大地が未来から来た使者と共に解決する問題の内容は？,巨大怪獣の討伐,環境修復,世界の崩壊防止,エネルギー供給,A
590,ウルトラマンガイア,ウルトラマンガイアのエピソード「振り返るな、前を向け」で、大地が使用する「ガイアビーム」の特徴は？,高速光線,剣のようなビーム,高熱の火炎,強力な光線,D
591,ウルトラマンガイア,ウルトラマンガイアのエピソード「地球の運命」で、大地が戦う敵「イーヴィルティガ」の特技は？,エネルギー吸収,高熱光線,高速回転,強力な打撃,A
592,ウルトラマンガイア,ウルトラマンガイアのエピソード「振り返るな、前を向け」で、大地が協力する人物は？,御厨修,石堂香,白山遥,高野晶,C
593,ウルトラマンガイア,ウルトラマンガイアのエピソード「古の封印」で、大地が遭遇する怪獣「レイモス」の攻撃方法は？,高熱光線,高速移動,硬い外殻,強力な打撃,A
594,ウルトラマンガイア,ウルトラマンガイアのエピソード「炎の戦士」で、大地が使用する「ガイアエクスプロージョン」のエネルギー源は？,ガイアスパーク,ソルジェントスパーク,フラッシュスパーク,グリッタースパーク,A
595,ウルトラマンガイア,ウルトラマンガイアのエピソード「未来の使者」で、大地が未来から来た使者の目的は？,世界の崩壊を防ぐ,環境修復を行う,巨大怪獣を討伐する,エネルギー問題を解決する,C
596,ウルトラマンガイア,ウルトラマンガイアのエピソード「振り返るな、前を向け」で、大地が対峙する「ガルベロス」の攻撃方法は？,高速移動,高熱光線,強力な打撃,高速回転,B
597,ウルトラマンガイア,ウルトラマンガイアのエピソード「地球の運命」で、大地が最終決戦で使用する「ガイアソード」の特性は？,剣のようなビーム,高速ビーム,エネルギー波,高熱の火炎,A
598,ウルトラマンガイア,ウルトラマンガイアのエピソード「古の封印」で、大地が戦う怪獣「ゾイガー」の特徴は？,高速移動,高熱光線,硬い外殻,強力な打撃,A
599,ウルトラマンガイア,. ウルトラマンガイアのエピソード「振り返るな、前を向け」で、大地が使用する「ガイアサンダー」の効果は？,高速電撃,高熱火炎,高速ビーム,強力な打撃,A
600,ウルトラマンガイア,ウルトラマンメビウスの本名は何ですか？,ホリイ・カズキ,ミナト・ヒロシ,ケン・ヒデキ,ビクトル・ハート,B
601,ウルトラマンガイア,ウルトラマンメビウスが変身する際に使うアイテムは何ですか？,メビウスブレス,メビウスアイ,メビウスリング,メビウスバトン,A
602,ウルトラマンガイア,ウルトラマンメビウスのエネルギー源として重要なアイテムは何ですか？,メビウススパーク,スペシウム光線,ウルトラパワー,ダイナビーム,A
603,ウルトラマンガイア,ウルトラマンメビウスの敵、メトロン星人の特徴は？,高速移動,強力なビーム,変身能力,高い防御力,C
604,ウルトラマンガイア,ウルトラマンメビウスの変身ポーズで、大地が行う動作は？,両手を広げる,両手を胸の前で合わせる,片手を上げる,片膝をつく,B
605,ウルトラマンガイア,ウルトラマンメビウスのパートナーとして登場するロボットの名前は？,メビウスロボ,ギンガロボ,ジェットビートル,ダイナガイスト,C
606,ウルトラマンガイア,ウルトラマンメビウスが登場する作品の放送開始年は？,2000年,2001年,2002年,2006年,D
607,ウルトラマンガイア,ウルトラマンメビウスの変身に関与する「ムサシ」の役割は？,変身アイテムの提供,直接戦闘の支援,情報の提供,メビウススパークの充電,A
608,ウルトラマンガイア,ウルトラマンメビウスの必殺技「メビウスバーニング」にはどのような効果がありますか？,高速移動,高熱の火炎,強力な打撃,光線の放射,B
609,ウルトラマンガイア,ウルトラマンメビウスのエピソード「誕生! ウルトラマンメビウス」で、メビウスが初めて戦う怪獣は？,ゴモラ,グドン,ゼットン,バルタン星人,B
610,ウルトラマンガイア,ウルトラマンメビウスの技「メビウスシューティング」の効果は？,高速ビーム,強力な火炎,エネルギーの爆発,斬撃,A
611,ウルトラマンガイア,ウルトラマンメビウスの変身後の姿はどのようなデザインですか？,青いボディに赤いライン,赤いボディに青いライン,緑のボディに白いライン,白いボディに赤いライン,B
612,ウルトラマンガイア,ウルトラマンメビウスのエピソード「敵か味方か!? 怪獣マザー」の怪獣「マザー」は何を求めていたか？,力を求めて,自分の子供を守るため,地球の支配,対決を望んで,B
613,ウルトラマンガイア,ウルトラマンメビウスの必殺技「メビウスバーナー」はどのような攻撃ですか？,高熱の火炎放射,強力なエネルギー波,高速ビーム,強力な打撃,A
614,ウルトラマンガイア,ウルトラマンメビウスのエピソード「新たなる使命」で、大地の仲間たちのチーム名は？,ウルトラマンチーム,宇宙防衛隊,ガーディアン隊,トライスターズ,C
615,ウルトラマンガイア,ウルトラマンメビウスの変身時に発するセリフは？,「メビウス、変身！」,「ウルトラ、スパーク！」,「メビウス、来た！」,「変身、メビウス！」,A
616,ウルトラマンガイア,ウルトラマンメビウスが戦う「ゼットン」とは何の敵ですか？,宇宙からの侵略者,地球の防衛者,地球の支配者,政府の工作員,A
617,ウルトラマンガイア,ウルトラマンメビウスのエピソード「災厄の未来」で、メビウスが向かう未来の都市は？,ニューヨーク,東京,グリーンシティ,ザ・シティ,C
618,ウルトラマンガイア,ウルトラマンメビウスの必殺技「メビウスバーニング」の発動に必要なアイテムは？,メビウスブレス,メビウススパーク,メビウスリング,メビウスカード,B
619,ウルトラマンガイア,ウルトラマンメビウスのエピソード「エースの証」で、大地が登場するウルトラマンは？,ウルトラマンエース,ウルトラマンティガ,ウルトラマンタロウ,ウルトラマンレオ,A
620,ウルトラマンガイア,ウルトラマンメビウスのエピソード「激闘! メビウスVSダークメビウス」で、メビウスが対決する敵は？,ダークメビウス,ディノザウルス,ゴモラ,バルタン星人,A
621,ウルトラマンガイア,ウルトラマンメビウスのエピソード「ガイアの使命」で、メビウスが協力するウルトラマンは？,ウルトラマンガイア,ウルトラマンゼロ,ウルトラマンコスモス,ウルトラマンビクトリー,A
622,ウルトラマンガイア,ウルトラマンメビウスの必殺技「メビウスシューティング」のエネルギーはどこから得る？,メビウスブレス,メビウススパーク,ウルトラパワー,宇宙のエネルギー,B
623,ウルトラマンガイア,ウルトラマンメビウスのエピソード「破壊の天使」で、大地が出会う天使のような怪獣は？,デビルス,エンジェルス,スフィンクス,アルティメットスフィンクス,B
624,ウルトラマンガイア,ウルトラマンメビウスのエピソード「勇気を持って」で、大地が困難に直面した際に発揮する能力は？,瞬間移動,超音波攻撃,気合の強化,エネルギー変換,C
625,ウルトラマンガイア,ウルトラマンメビウスのエピソード「友の力」で、大地の友人として登場する科学者の名前は？,高野晶,佐藤健,石堂香,宮本博士,D
626,ウルトラマンガイア,ウルトラマンメビウスの必殺技「メビウスバーニング」で、発射される光線の色は？,青,赤,緑,黄,B
627,ウルトラマンガイア,ウルトラマンメビウスのエピソード「天使と悪魔」で、大地が対決する怪獣は？,バルタン星人,ガボラ,ゼットン,モンスアー,B
628,ウルトラマンガイア,ウルトラマンメビウスが地球に来る目的は何ですか？,宇宙の平和を守るため,地球の侵略,自身の修行,親の遺志を果たすため,A
629,ウルトラマンガイア,ウルトラマンメビウスのエピソード「星の神話」で、大地が向かう異星の名前は？,アルファ星,ベガ星,カシオペア星,リゲル星,D
630,ウルトラマンガイア,ウルトラマンメビウスのエピソード「勇気の先に」で、大地が活用する武器は？,メビウスソード,メビウスランチャー,メビウスアックス,メビウスビーム,A
631,ウルトラマンガイア,ウルトラマンメビウスのエピソード「力を合わせて」で、メビウスと共闘するウルトラ戦士は？,ウルトラマンティガ,ウルトラマンゼロ,ウルトラマンタロウ,ウルトラマンエース,D
632,ウルトラマンガイア,ウルトラマンメビウスが地球で最初に出会う怪獣は？,ゴモラ,ゼットン,グドン,バルタン星人,C
633,ウルトラマンガイア,ウルトラマンメビウスが登場するエピソード「最後の決戦」で、最終的に大地が対決する敵の名前は？,ダークメビウス,ゼットン,メトロン星人,バルタン星人,A
634,ウルトラマンガイア,ウルトラマンメビウスのエピソード「夢を信じて」で、大地が信じる夢の内容は？,平和な未来の世界,超能力を持つ自分,強力な怪獣の討伐,宇宙の冒険,A
635,ウルトラマンガイア,ウルトラマンメビウスのエピソード「心の絆」で、大地の心の支えとなるのは？,友人たちの支援,過去の経験,知識,未来の予知,A
636,ウルトラマンガイア,ウルトラマンメビウスのエピソード「失われた過去」で、大地が探す「失われた過去」とは何を指している？,自身の記憶,破壊された宇宙,亡くなった仲間,地球の古代文明,A
637,ウルトラマンガイア,ウルトラマンメビウスのエピソード「悲しみの星」で、大地が向かう星の名前は？,アンドロメダ星,シリウス星,オリオン星,フィオリ星,D
638,ウルトラマンガイア,ウルトラマンメビウスのエピソード「未来への約束」で、大地が達成しようとする約束は？,平和の維持,過去の修復,宇宙の探検,強力な怪獣の討伐,A
639,ウルトラマンガイア,ウルトラマンメビウスが最初に対決する怪獣の攻撃方法は？,高熱光線,高速移動,巨大な打撃,爆発,A
640,ウルトラマンガイア,ウルトラマンメビウスのエピソード「希望の光」で、大地が取り組む問題は？,地球の環境問題,宇宙の異常,敵勢力の侵略,人々の希望喪失,D
641,ウルトラマンガイア,ウルトラマンメビウスのエピソード「真実の先に」で、大地が発見する「真実」は何を指している？,自身の使命,敵の正体,宇宙の秘密,未来の予知,A
642,ウルトラマンガイア,ウルトラマンメビウスのエピソード「仲間の絆」で、大地が仲間たちと築く「絆」とは？,協力関係,感情の共有,戦略の立案,戦闘能力の向上,B
643,ウルトラマンガイア,ウルトラマンメビウスのエピソード「誕生の秘密」で、大地が発見する「誕生の秘密」とは？,自身の起源,宇宙の起源,怪獣の誕生,過去の戦い,A
644,ウルトラマンガイア,ウルトラマンメビウスが地球に来た理由として正しいのは？,宇宙の平和を守るため,自身の修行,地球のエネルギー収集,友人を探すため,A
645,ウルトラマンガイア,ウルトラマンメビウスのエピソード「失われた信頼」で、大地が失う信頼とは？,仲間からの信頼,自身の信念,地球人からの信頼,宇宙人からの信頼,A
646,ウルトラマンガイア,ウルトラマンメビウスが登場するエピソード「守るべきもの」で、大地が守ろうとするものは？,地球の平和,宇宙の安定,自身の記憶,仲間たちの安全,D
647,ウルトラマンガイア,ウルトラマンメビウスのエピソード「決戦! ダークメビウス」で、ダークメビウスが持つ特技は？,高熱光線,エネルギー吸収,瞬間移動,巨大化,B
648,ウルトラマンガイア,ウルトラマンメビウスが使用する「メビウスバーニング」の発動条件は？,スパークの充填,エネルギーの集中,高度な精神集中,直接の攻撃対象,A
649,ウルトラマンガイア,ウルトラマンメビウスのエピソード「守るべきもの」で、大地が守ることに誓ったものは？,地球の環境,人々の平和,自身の使命,未来の希望,B
650,ウルトラマンガイア,ウルトラマンメビウスのエピソード「闇の中の光」で、大地が出会う怪獣は？,ゴモラ,メカゴモラ,ギガス,ダークルーム,C
651,ウルトラマンガイア,ウルトラマンメビウスのエピソード「未来の英雄」で、大地が未来から来た英雄として認識される理由は？,強力な戦闘能力,自身の経験,敵を撃退した実績,未来の知識,C
652,ウルトラマンガイア,ウルトラマンメビウスのエピソード「終焉の序曲」で、大地が対決する強敵の名前は？,ダークメビウス,ゼットン,バルタン星人,ギガス,A
653,ウルトラマンガイア,ウルトラマンメビウスのエピソード「星の伝説」で、大地が追う伝説とは？,失われた星の文明,宇宙の秘宝,神話の怪獣,宇宙の平和,A
654,ウルトラマンガイア,ウルトラマンメビウスが使用する「メビウスシューティング」のエネルギー源は？,メビウスブレス,メビウススパーク,ウルトラパワー,宇宙エネルギー,B
655,ウルトラマンガイア,ウルトラマンメビウスのエピソード「希望の星」で、大地が出会う希望の象徴は？,エネルギーの結晶,神話の伝説,超能力を持つ子供,未来の予知者,C
656,ウルトラマンガイア,ウルトラマンメビウスが活躍する「ウルトラマンメビウス&ウルトラ兄弟」に登場するウルトラ戦士の名前は？,ウルトラマンタロウ,ウルトラマンゼロ,ウルトラマンコスモス,ウルトラマンレオ,A
657,ウルトラマンガイア,ウルトラマンメビウスのエピソード「過去の影」で、大地が直面する過去の影とは？,自身の過去,敵の過去,失われた文明,亡くなった仲間,A
658,ウルトラマンガイア,ウルトラマンメビウスのエピソード「友よ、再び」で、大地が再会する友人の名前は？,高野晶,石堂香,宮本博士,大空ヒロシ,D
659,ウルトラマンガイア,ウルトラマンメビウスのエピソード「仲間の力」で、大地が学ぶ「仲間の力」とは？,協力の重要性,戦闘の技術,情報の共有,戦略の立案,A
660,ウルトラマンガイア,ウルトラマンメビウスの必殺技「メビウスバーナー」の発動時に、メビウスが使用するポーズは？,両手を上に向ける,両手を前に出す,片手を上に上げる,両手を合わせる,B
661,ウルトラマンガイア,ウルトラマンメビウスのエピソード「光の使者」で、大地が登場する光の使者は？,ウルトラマンコスモス,ウルトラマンゼロ,ウルトラマンタロウ,ウルトラマンティガ,D
662,ウルトラマンガイア,ウルトラマンメビウスが使用する「メビウススパーク」はどこに装着するアイテムですか？,腕,胸,手首,足,B
663,ウルトラマンガイア,ウルトラマンメビウスのエピソード「超人の誕生」で、大地が出会う超人の名前は？,ヴィクトリウム,サイバーゴモラ,エネルギア,アルティメットゼロ,A
664,ウルトラマンガイア,ウルトラマンメビウスのエピソード「異星の侵略者」で、大地が対決する異星の侵略者は？,バルタン星人,メトロン星人,ガボラ,デビルス,B
665,ウルトラマンガイア,ウルトラマンメビウスのエピソード「未来の使命」で、大地が未来に求める使命は？,平和の維持,宇宙の探検,敵の討伐,自身の強化,A
666,ウルトラマンガイア,ウルトラマンメビウスのエピソード「再会の約束」で、大地が再会する約束を交わす相手は？,友人,敵,家族,未来の自己,A
667,ウルトラマンガイア,ウルトラマンメビウスの必殺技「メビウスバーニング」はどのような効果を持つ？,高熱で敵を焼き尽くす,強力な爆発を引き起こす,高速の光線で攻撃する,高いエネルギーを放出する,A
668,ウルトラマンガイア,ウルトラマンメビウスのエピソード「終焉の使者」で、大地が戦う使者の名前は？,ダークメビウス,アルティメットスフィンクス,ギガス,デビルス,A
669,ウルトラマンガイア,ウルトラマンメビウスのエピソード「宇宙の希望」で、大地が目指す宇宙の希望とは？,平和の実現,敵の討伐,人々の安全,自身の成長,A
670,ウルトラマンガイア,ウルトラマンメビウスが登場する映画「ウルトラマンメビウス&ウルトラ兄弟」で、ウルトラ兄弟として登場するウルトラ戦士は？,ウルトラマンタロウ,ウルトラマンゼロ,ウルトラマンレオ,ウルトラマンコスモス,A
671,ウルトラマンガイア,ウルトラマンメビウスのエピソード「謎の来訪者」で、大地が対決する来訪者は？,バルタン星人,メトロン星人,デビルス,ギガス,C
672,ウルトラマンガイア,ウルトラマンメビウスが使用する「メビウスバーニング」のエネルギー源は？,メビウススパーク,宇宙エネルギー,高度な精神エネルギー,自身の体力,A
673,ウルトラマンガイア,ウルトラマンメビウスのエピソード「失われた伝説」で、大地が探す伝説の内容は？,超能力の源,失われた星の文明,宇宙の秘宝,古代の怪獣,B
674,ウルトラマンガイア,ウルトラマンメビウスが地球に来た際、初めて出会った地球人の名前は？,高野晶,石堂香,大空ヒロシ,佐藤健,C
675,ウルトラマンガイア,ウルトラマンメビウスのエピソード「希望の星」で、大地が希望の星と呼ぶ場所はどこ？,アンドロメダ星,フィオリ星,リゲル星,アルファ星,B
676,ウルトラマンガイア,ウルトラマンメビウスのエピソード「未来のヒーロー」で、大地が未来のヒーローとして認識される理由は？,敵の撃退,平和の維持,超能力の使用,戦闘経験の豊富さ,A
677,ウルトラマンガイア,ウルトラマンメビウスが使用する「メビウススパーク」の機能は？,高速移動,エネルギーの放出,瞬間移動,防御シールドの発動,B
678,ウルトラマンガイア,ウルトラマンメビウスのエピソード「仲間たちの力」で、大地が得る力の源は？,友情,自身の成長,知識,強力な武器,A
679,ウルトラマンガイア,ウルトラマンメビウスのエピソード「過去の影」で、大地が対決する影の正体は？,自身の過去,未知の怪獣,敵の化身,ダークメビウス,A
680,ウルトラマンガイア,ウルトラマンメビウスのエピソード「光の戦士」で、大地が出会う光の戦士の名前は？,ウルトラマンコスモス,ウルトラマンタロウ,ウルトラマンゼロ,ウルトラマンティガ,D
681,ウルトラマンガイア,ウルトラマンメビウスのエピソード「再会の約束」で、大地が再会を果たすのは？,友人,家族,敵,古代の戦士,A
682,ウルトラマンガイア,ウルトラマンメビウスのエピソード「真実の先に」で、大地が発見する「真実」とは？,自身の使命,敵の正体,宇宙の秘密,古代文明の遺産,A
683,ウルトラマンガイア,ウルトラマンメビウスのエピソード「未来への希望」で、大地が求める未来とは？,平和な世界,勝利の確保,強力な武器,友人との再会,A
684,ウルトラマンガイア,ウルトラマンメビウスのエピソード「最後の決戦」で、大地が戦う最後の敵は？,ダークメビウス,ギガス,ゼットン,メトロン星人,A
685,ウルトラマンガイア,ウルトラマンメビウスのエピソード「絶望の星」で、大地が直面する絶望の原因は？,敵の襲撃,環境の破壊,仲間の離反,未来の予知,A
686,ウルトラマンガイア,ウルトラマンメビウスが地球で最初に対決する怪獣の特徴は？,巨大な体,高熱光線,高速移動,巨大な打撃,B
687,ウルトラマンガイア,ウルトラマンメビウスのエピソード「勇気の先に」で、大地が発揮する勇気の内容は？,敵との戦闘,仲間への支援,自身の困難な状況,未知の冒険,C
688,ウルトラマンガイア,ウルトラマンメビウスのエピソード「心の絆」で、大地が学ぶ「心の絆」とは？,協力の大切さ,戦闘の技術,情報の共有,知識の交換,A
689,ウルトラマンガイア,ウルトラマンメビウスが使用する「メビウスアタック」の特徴は？,高速での連続攻撃,強力なエネルギー波,瞬時の移動,高熱光線,A
690,ウルトラマンガイア,ウルトラマンメビウスのエピソード「新たな希望」で、大地が目指す新たな希望は？,宇宙の平和,地球の復興,敵の撃退,自身の成長,B
691,ウルトラマンガイア,ウルトラマンメビウスのエピソード「守るべきもの」で、大地が守るべきものとは？,友人,地球,自身の使命,宇宙の平和,B
692,ウルトラマンガイア,ウルトラマンメビウスが戦う相手「デビルス」の特徴は？,高熱光線を放つ,巨大化する能力,高速移動が可能,エネルギー吸収能力,D
693,ウルトラマンガイア,ウルトラマンメビウスのエピソード「過去の探求」で、大地が探求する過去の内容は？,自身の起源,地球の歴史,宇宙の秘密,敵の正体,A
694,ウルトラマンガイア,ウルトラマンメビウスのエピソード「新たな仲間」で、大地が出会う新たな仲間の名前は？,高野晶,石堂香,佐藤健,大空ヒロシ,D
695,ウルトラマンガイア,ウルトラマンメビウスのエピソード「星の神話」で、大地が直面する星の神話の内容は？,失われた文明,強力な怪獣,宇宙の秘密,平和の維持,A
696,ウルトラマンガイア,ウルトラマンメビウスのエピソード「友情の力」で、大地が得る「友情の力」はどのようなものか？,強力な武器,協力による戦力,知識の拡充,自身の能力の向上,B
697,ウルトラマンガイア,ウルトラマンメビウスが「メビウスバーニング」で使用するエネルギー形態は？,高熱,爆発,光線,風,A
698,ウルトラマンガイア,ウルトラマンメビウスのエピソード「心の光」で、大地が学ぶ「心の光」とは？,知識,希望,愛,勇気,B
699,ウルトラマンガイア,. ウルトラマンメビウスのエピソード「仲間の絆」で、大地と仲間たちが成し遂げることは？,敵の撃退,地球の防衛,宇宙の探索,自身の成長,A
700,ウルトラマンゼロ,ウルトラマンゼロの初登場作品は？,ウルトラマンメビウス,ウルトラマンゼロ THE MOVIE,ウルトラマンギンガ,ウルトラマンオーブ,B
701,ウルトラマンゼロ,ウルトラマンゼロの父親は誰ですか？,ウルトラマンタロウ,ウルトラマンキング,ウルトラマンレオ,ウルトラマンジャック,A
702,ウルトラマンゼロ,ウルトラマンゼロが使用する必殺技「ゼロビーム」のエネルギーの源は？,太陽エネルギー,ゼロスパーク,宇宙エネルギー,精神エネルギー,B
703,ウルトラマンゼロ,ウルトラマンゼロが「ゼロスラッガー」を使用する際、何をするか？,巨大化,高速移動,切断攻撃,エネルギー波,C
704,ウルトラマンゼロ,ウルトラマンゼロの必殺技「ゼロツインシュート」の特徴は？,双方のエネルギー波を同時に発射,高速の光線攻撃,巨大なエネルギー爆発,防御シールドの展開,A
705,ウルトラマンゼロ,ウルトラマンゼロが持つ変身アイテム「ゼロスパーク」の役割は？,高速移動,エネルギー供給,変身サポート,防御力強化,C
706,ウルトラマンゼロ,ウルトラマンゼロの宿敵「ダークロプスゼロ」の特性は？,高速飛行能力,エネルギー吸収能力,強力な物理攻撃,高熱光線,B
707,ウルトラマンゼロ,ウルトラマンゼロのエピソード「ウルトラマンゼロ THE MOVIE」でのメインの敵は？,バルタン星人,ダークロプス,ゼットン,デビルス,B
708,ウルトラマンゼロ,ウルトラマンゼロのエピソード「ウルトラマンゼロ THE MOVIE」で、ゼロが協力するウルトラマンは？,ウルトラマンティガ,ウルトラマンガイア,ウルトラマンメビウス,ウルトラマンオーブ,C
709,ウルトラマンゼロ,ウルトラマンゼロが「ゼロシュート」を使用する時のエネルギーの形態は？,光線,爆発,高速移動,高熱,A
710,ウルトラマンゼロ,ウルトラマンゼロが宿敵「ダークロプス」に対抗するために使用する技は？,ゼロビーム,ゼロツインシュート,ゼロスラッガー,ゼロシュート,B
711,ウルトラマンゼロ,ウルトラマンゼロが地球で戦う時、彼の援助をするチームは？,GUTS,AEGIS,MAC,SPD,C
712,ウルトラマンゼロ,ウルトラマンゼロが使用する「ゼロの光」の特性は？,高熱,照明,高速移動,強力なエネルギー波,D
713,ウルトラマンゼロ,ウルトラマンゼロの武器「ゼロスラッガー」の形状は？,剣,斧,棒,銃,B
714,ウルトラマンゼロ,ウルトラマンゼロのエピソード「ウルトラマンゼロ外伝」で、ゼロが手に入れるアイテムは？,ゼロスパーク,ゼロブレイカー,ゼロアーマー,ゼロコア,A
715,ウルトラマンゼロ,ウルトラマンゼロが「ウルトラマンゼロ THE MOVIE」で戦う敵「ダークロプス」との戦いで使用した技は？,ゼロビーム,ゼロツインシュート,ゼロスラッガー,ゼロシュート,B
716,ウルトラマンゼロ,ウルトラマンゼロが使用する「ゼロの盾」の機能は？,防御,攻撃,高速移動,光線放出,A
717,ウルトラマンゼロ,ウルトラマンゼロのエピソード「ウルトラマンゼロ THE MOVIE」で、ゼロが助けを求めるウルトラマンは？,ウルトラマンティガ,ウルトラマンキング,ウルトラマンレオ,ウルトラマンジャック,B
718,ウルトラマンゼロ,ウルトラマンゼロが「ゼロスラッガー」を使用する際の攻撃スタイルは？,近接攻撃,遠距離攻撃,高速回転攻撃,高熱攻撃,C
719,ウルトラマンゼロ,ウルトラマンゼロのエピソード「ウルトラマンゼロ外伝」で、ゼロが訪れる星の名前は？,ゼルダ星,カリ星,バルタン星,アストロ星,B
720,ウルトラマンゼロ,ウルトラマンゼロがエネルギーを放出する際に使用するアイテムは？,ゼロスパーク,ゼロアーマー,ゼロブレイカー,ゼロシールド,A
721,ウルトラマンゼロ,ウルトラマンゼロのエピソード「ウルトラマンゼロ THE MOVIE」で、ゼロが協力するウルトラマンは？,ウルトラマンティガ,ウルトラマンタロウ,ウルトラマンオーブ,ウルトラマンガイア,D
722,ウルトラマンゼロ,ウルトラマンゼロの必殺技「ゼロビーム」を放つ時にゼロが行う動作は？,手を合わせる,腕を広げる,膝を曲げる,空中で回転する,B
723,ウルトラマンゼロ,ウルトラマンゼロのエピソード「ウルトラマンゼロ外伝」で、大地が助ける者は？,他のウルトラマン,地球の市民,宇宙の仲間,古代の戦士,A
724,ウルトラマンゼロ,ウルトラマンゼロが「ゼロスラッガー」を使用する際の技の名称は？,ゼロスラッシュ,ゼロエッジ,ゼロアタック,ゼロカット,D
725,ウルトラマンゼロ,ウルトラマンゼロのエピソード「ウルトラマンゼロ THE MOVIE」で、ゼロが使用するアイテムの名前は？,ゼロスパーク,ゼロアーマー,ゼロシールド,ゼロブレイカー,A
726,ウルトラマンゼロ,ウルトラマンゼロが「ゼロツインシュート」を発動する際に、ゼロが使うのはどの武器？,ゼロスラッガー,ゼロブレイカー,ゼロスパーク,ゼロアーマー,A
727,ウルトラマンゼロ,ウルトラマンゼロの「ダークロプスゼロ」との関係は？,親子関係,兄弟関係,宿敵,盟友,C
728,ウルトラマンゼロ,ウルトラマンゼロの変身シーンで使用するポーズは？,両手を前に出す,腕を交差させる,両手を広げる,手を頭の上に上げる,C
729,ウルトラマンゼロ,ウルトラマンゼロの「ゼロスラッガー」はどのような形状の武器ですか？,剣,斧,銃,棒,B
730,ウルトラマンゼロ,ウルトラマンゼロのエピソード「ウルトラマンゼロ THE MOVIE」で、ゼロが協力するウルトラマンの名前は？,ウルトラマンメビウス,ウルトラマンギンガ,ウルトラマンオーブ,ウルトラマンティガ,A
731,ウルトラマンゼロ,ウルトラマンゼロが「ゼロビーム」を放つとき、ゼロが使用するエネルギーの色は？,赤,青,緑,紫,B
732,ウルトラマンゼロ,ウルトラマンゼロの「ゼロの光」が使われるエピソードは？,「ウルトラマンゼロ THE MOVIE」,「ウルトラマンゼロ外伝」,「ウルトラマンギンガ」,「ウルトラマンメビウス」,A
733,ウルトラマンゼロ,ウルトラマンゼロの「ゼロツインシュート」はどのような攻撃方法ですか？,高速光線,爆発エネルギー,両手からのエネルギー波,防御シールド,C
734,ウルトラマンゼロ,ウルトラマンゼロのエピソード「ウルトラマンゼロ外伝」で、ゼロが助けることになるウルトラマンは？,ウルトラマンキング,ウルトラマンタロウ,ウルトラマンレオ,ウルトラマンオーブ,A
735,ウルトラマンゼロ,ウルトラマンゼロの「ゼロスパーク」を使用することで得られる力は？,高速移動,強力なエネルギー波,変身能力の強化,高熱攻撃,B
736,ウルトラマンゼロ,ウルトラマンゼロのエピソード「ウルトラマンゼロ THE MOVIE」で、ゼロが戦う主要な敵の名前は？,バルタン星人,ゼットン,ダークロプス,デビルス,C
737,ウルトラマンゼロ,ウルトラマンゼロの必殺技「ゼロビーム」の効果は？,敵を一瞬で消滅させる,高速移動を可能にする,敵のエネルギーを吸収する,高熱で敵を攻撃する,D
738,ウルトラマンゼロ,ウルトラマンゼロが「ゼロスラッガー」を使う際、ゼロが行うのは？,軽いジャンプ,高速回転,手を前に伸ばす,空中での回転,B
739,ウルトラマンゼロ,ウルトラマンゼロが使用する「ゼロアーマー」の効果は？,防御力の強化,攻撃力の強化,高速移動,エネルギーの回復,A
740,ウルトラマンゼロ,ウルトラマンゼロのエピソード「ウルトラマンゼロ THE MOVIE」で、ゼロが対決するボスキャラは？,ギガス,デビルス,メトロン星人,ダークロプス,D
741,ウルトラマンゼロ,ウルトラマンゼロの必殺技「ゼロツインシュート」を発動する際にゼロがする動作は？,手を広げる,腕を交差させる,手を組み合わせる,空中で回転する,A
742,ウルトラマンゼロ,ウルトラマンゼロの変身アイテム「ゼロスパーク」はどのような機能を持っているか？,変身サポート,高速移動,強力な攻撃,防御シールド,A
743,ウルトラマンゼロ,ウルトラマンゼロが地球で戦う際に協力する組織の名前は？,GUTS,SPD,MAC,AEGIS,C
744,ウルトラマンゼロ,ウルトラマンゼロが「ゼロツインシュート」を発動するために使用するエネルギーの形態は？,高熱光線,双方のエネルギー波,巨大なエネルギー爆発,防御シールド,B
745,ウルトラマンゼロ,ウルトラマンゼロの「ダークロプスゼロ」とは、どのような敵か？,宇宙の覇者,ダークエネルギーを操る存在,強力な機械生命体,地球外の侵略者,B
746,ウルトラマンゼロ,ウルトラマンゼロのエピソード「ウルトラマンゼロ外伝」でゼロが戦う相手の名前は？,バルタン星人,ゼットン,ダークロプス,ギガス,C
747,ウルトラマンゼロ,ウルトラマンゼロがエネルギーを発射する際に使うポーズは？,両手を広げる,腕を上げる,手を合わせる,両手を前に出す,D
748,ウルトラマンゼロ,ウルトラマンゼロが「ゼロビーム」を放つ時のエネルギーの色は？,赤,青,緑,黄,B
749,ウルトラマンゼロ,ウルトラマンゼロが「ゼロスラッガー」を使う際の技の名称は？,ゼロカット,ゼロブレイカー,ゼロスラッシュ,ゼロアタック,A
750,ウルトラマンゼロ,ウルトラマンゼロが「ゼロスパーク」を使うときのエネルギーの色は？,赤,青,緑,紫,B
751,ウルトラマンゼロ,ウルトラマンゼロが「ゼロツインシュート」を使用する際に必要なエネルギーの源は？,ゼロスパーク,宇宙エネルギー,地球の力,精神エネルギー,A
752,ウルトラマンゼロ,ウルトラマンゼロが「ゼロアーマー」を装備することで得られる能力は？,高速移動,強力な攻撃,防御力の向上,エネルギー吸収,C
753,ウルトラマンゼロ,ウルトラマンゼロが「ゼロビーム」を発動する際、ゼロがする動作は？,手を合わせる,両手を前に出す,腕を交差させる,手を頭の上に上げる,B
754,ウルトラマンゼロ,ウルトラマンゼロの「ゼロスラッガー」が使用されるエピソードは？,「ウルトラマンゼロ THE MOVIE」,「ウルトラマンメビウス」,「ウルトラマンギンガ」,「ウルトラマンオーブ」,A
755,ウルトラマンゼロ,ウルトラマンゼロが「ゼロツインシュート」を発動する際にゼロが行うのは？,空中での回転,手を広げる,高速回転,腕を組み合わせる,B
756,ウルトラマンゼロ,ウルトラマンゼロの宿敵「ダークロプスゼロ」はどのような形状をしていますか？,人型,機械生命体,宇宙怪獣,エネルギー体,B
757,ウルトラマンゼロ,ウルトラマンゼロがエネルギーを発射する際に使用するポーズは？,両手を前に伸ばす,腕を広げる,手を合わせる,膝を曲げる,A
758,ウルトラマンゼロ,ウルトラマンゼロの「ゼロスパーク」の形状は？,スティック状,ボール状,盾状,剣状,A
759,ウルトラマンゼロ,ウルトラマンゼロが「ゼロビーム」を放つとき、ゼロのエネルギーの発射方法は？,高速の光線,爆発エネルギー,エネルギー波,高熱攻撃,C
760,ウルトラマンゼロ,ウルトラマンゼロの変身アイテム「ゼロスパーク」の役割は？,高速移動,変身サポート,攻撃力強化,防御シールド,B
761,ウルトラマンゼロ,ウルトラマンゼロが「ゼロツインシュート」を使用する際の攻撃の特徴は？,両手からのエネルギー波,高速の光線,巨大なエネルギー爆発,防御シールドの展開,A
762,ウルトラマンゼロ,ウルトラマンゼロのエピソード「ウルトラマンゼロ外伝」でゼロが協力するウルトラマンの名前は？,ウルトラマンキング,ウルトラマンジャック,ウルトラマンレオ,ウルトラマンタロウ,A
763,ウルトラマンゼロ,ウルトラマンゼロが「ゼロビーム」を使用する際に必要なエネルギーの形態は？,光線,爆発,高熱,高速回転,C
764,ウルトラマンゼロ,ウルトラマンゼロの「ゼロスラッガー」が使用されるエピソードは？,「ウルトラマンゼロ THE MOVIE」,「ウルトラマンティガ」,「ウルトラマンオーブ」,「ウルトラマンギンガ」,A
765,ウルトラマンゼロ,ウルトラマンゼロの必殺技「ゼロツインシュート」のエネルギーの色は？,青,赤,緑,紫,A
766,ウルトラマンゼロ,ウルトラマンゼロが「ゼロスパーク」を使用する際にゼロが行う動作は？,手を前に出す,両手を広げる,腕を上げる,手を頭の上に上げる,B
767,ウルトラマンゼロ,ウルトラマンゼロが「ゼロアーマー」を装備することで得られる能力は？,防御力の向上,攻撃力の強化,高速移動,エネルギー吸収,A
768,ウルトラマンゼロ,ウルトラマンゼロの「ゼロビーム」を発射する際、ゼロが行うポーズは？,手を前に伸ばす,両手を広げる,腕を交差させる,空中での回転,A
769,ウルトラマンゼロ,ウルトラマンゼロが「ゼロツインシュート」を使用する際にゼロが行う動作は？,手を広げる,空中での回転,腕を組み合わせる,高速回転,A
770,ウルトラマンゼロ,ウルトラマンゼロの「ダークロプスゼロ」はどのような攻撃をするか？,エネルギー吸収,高熱光線,高速移動,防御シールド,A
771,ウルトラマンゼロ,ウルトラマンゼロが「ゼロスラッガー」を使用する際の技の名称は？,ゼロカット,ゼロアタック,ゼロブレイカー,ゼロスラッシュ,A
772,ウルトラマンゼロ,ウルトラマンゼロの「ゼロビーム」を使用する時のエネルギーの色は？,青,赤,緑,黄,A
773,ウルトラマンゼロ,ウルトラマンゼロが使用する「ゼロスパーク」の主な機能は？,変身サポート,高速移動,エネルギー回復,強力な攻撃,A
774,ウルトラマンゼロ,ウルトラマンゼロが「ゼロツインシュート」を使用する際のエネルギーの形態は？,高熱光線,双方のエネルギー波,巨大なエネルギー爆発,防御シールド,B
775,ウルトラマンゼロ,ウルトラマンゼロが「ゼロスパーク」を使用する時、ゼロがするポーズは？,手を前に伸ばす,腕を広げる,空中での回転,手を頭の上に上げる,B
776,ウルトラマンゼロ,ウルトラマンゼロが「ゼロスラッガー」を使う際にゼロが行う動作は？,高速回転,手を広げる,空中での回転,腕を組み合わせる,A
777,ウルトラマンゼロ,ウルトラマンゼロが「ゼロビーム」を使用する時の攻撃の特徴は？,高速光線,爆発エネルギー,高熱のエネルギー波,防御シールド,C
778,ウルトラマンゼロ,ウルトラマンゼロが「ゼロツインシュート」を使用する際のポーズは？,両手を前に出す,腕を交差させる,手を頭の上に上げる,両手を広げる,A
779,ウルトラマンゼロ,ウルトラマンゼロが「ゼロアーマー」を装備することで、ゼロはどのような能力を得るか？,高速移動,攻撃力の強化,防御力の向上,エネルギー吸収,C
780,ウルトラマンゼロ,ウルトラマンゼロの必殺技「ゼロスパーク」の使用シーンは？,戦いの開始時,最大の攻撃時,防御時,変身時,B
781,ウルトラマンゼロ,ウルトラマンゼロの「ゼロスラッガー」が使用されるエピソードは？,「ウルトラマンゼロ THE MOVIE」,「ウルトラマンティガ」,「ウルトラマンオーブ」,「ウルトラマンギンガ」,A
782,ウルトラマンゼロ,ウルトラマンゼロの「ゼロツインシュート」が発動するためには、ゼロがどうするか？,両手を広げる,両手を前に出す,腕を組み合わせる,空中で回転する,B
783,ウルトラマンゼロ,ウルトラマンゼロの「ゼロスパーク」が使われる際のエネルギーの形態は？,高速光線,爆発エネルギー,エネルギー波,防御シールド,C
784,ウルトラマンゼロ,ウルトラマンゼロの「ダークロプスゼロ」はどのような姿をしているか？,機械生命体,宇宙怪獣,高熱のエネルギー体,精霊,A
785,ウルトラマンゼロ,ウルトラマンゼロのエピソード「ウルトラマンゼロ THE MOVIE」で、ゼロが戦う主要な敵の名前は？,ダークロプス,ゼットン,バルタン星人,メトロン星人,A
786,ウルトラマンゼロ,ウルトラマンゼロの「ゼロアーマー」の主な機能は？,攻撃力の強化,高速移動,防御力の向上,エネルギー吸収,C
787,ウルトラマンゼロ,ウルトラマンゼロが「ゼロツインシュート」を使用する際にゼロがする動作は？,両手を広げる,高速回転,手を組み合わせる,腕を交差させる,A
788,ウルトラマンゼロ,ウルトラマンゼロが「ゼロスパーク」を使用する際のポーズは？,手を前に出す,腕を上げる,両手を広げる,手を組み合わせる,C
789,ウルトラマンゼロ,ウルトラマンゼロの必殺技「ゼロビーム」のエネルギーの色は？,青,赤,緑,紫,A
790,ウルトラマンゼロ,ウルトラマンゼロが「ゼロスラッガー」を使用する際の特徴は？,高速光線,爆発エネルギー,斧の形状,防御シールド,C
791,ウルトラマンゼロ,ウルトラマンゼロの「ゼロツインシュート」が発動する際、ゼロが行うのは？,両手を前に出す,高速回転,手を頭の上に上げる,空中での回転,A
792,ウルトラマンゼロ,ウルトラマンゼロの「ゼロビーム」はどのような攻撃方法ですか？,高速光線,高熱エネルギー波,防御シールド,爆発エネルギー,B
793,ウルトラマンゼロ,ウルトラマンゼロが「ゼロスパーク」を使う際のエネルギーの色は？,青,赤,緑,黄,A
794,ウルトラマンゼロ,ウルトラマンゼロの「ゼロアーマー」の機能は？,高速移動,攻撃力の強化,防御力の強化,エネルギー吸収,C
795,ウルトラマンゼロ,ウルトラマンゼロが「ゼロツインシュート」を使用する際に必要なエネルギーの源は？,ゼロスパーク,宇宙エネルギー,地球の力,精神エネルギー,A
796,ウルトラマンゼロ,ウルトラマンゼロが「ゼロビーム」を発射する際のエネルギーの形態は？,光線,爆発,高熱,高速回転,C
797,ウルトラマンゼロ,ウルトラマンゼロが「ゼロスラッガー」を使用する際の技の名称は？,ゼロカット,ゼロアタック,ゼロブレイカー,ゼロスラッシュ,A
798,ウルトラマンゼロ,ウルトラマンゼロが「ゼロスパーク」を使用する際にゼロが行う動作は？,手を前に伸ばす,腕を広げる,空中での回転,手を組み合わせる,B
799,ウルトラマンゼロ,. ウルトラマンゼロの「ダークロプスゼロ」はどのような敵ですか？,機械生命体,高熱エネルギー体,精霊,宇宙怪獣,A
